user_id,created_at
5dd9db5e033da9c6fb5ba83c7a7ebea9,2024-07-17 20:28:01.292348+00:00
ae0eb3eed39d2bcef4622b2499a05fe6,2024-07-17 20:28:01.292492+00:00
e70611883d2760c8bbafb4acb29e3446,2024-07-17 20:28:01.292496+00:00
6d70cb65d15211726dcce4c0e971e21c,2024-07-17 20:28:01.292498+00:00
8ce6790cc6a94e65f17f908f462fae85,2024-07-17 20:28:01.292505+00:00
f7f580e11d00a75814d2ded41fe8e8fe,2024-07-17 20:28:01.292508+00:00
a01610228fe998f515a72dd730294d87,2024-07-17 20:28:01.292511+00:00
8b6a80c3cf2cbd5f967063618dc54f39,2024-07-17 20:28:01.292514+00:00
6709e8d64a5f47269ed5cea9f625f7ab,2024-07-17 20:28:01.292516+00:00
f442d33fa06832082290ad8544a8da27,2024-07-17 20:28:01.292519+00:00
c4de8ced6214345614d33fb0b16a8acd,2024-07-17 20:28:01.292521+00:00
b5f1e8fb36cd7fbeb7988e8639ac79e9,2024-07-17 20:28:01.292524+00:00
d20be76a86c0d71c75035fced631f874,2024-07-17 20:28:01.292526+00:00
7993e11204b215b27694b6f139e34ce8,2024-07-17 20:28:01.292528+00:00
2c3ddf4bf13852db711dd1901fb517fa,2024-07-17 20:28:01.292531+00:00
e465ae46b07058f4ab5e96b98f101756,2024-07-17 20:28:01.292533+00:00
1ec3e7af38e33222bde173fecaef6bfa,2024-07-17 20:28:01.292536+00:00
921c2dc40d0b979c2910298d2f880152,2024-07-17 20:28:01.292538+00:00
54fda78aa8a09b4d77b5aaec57b75028,2024-07-17 20:28:01.292541+00:00
8b8388180314a337c9aa3c5aa8e2f37a,2024-07-17 20:28:01.292543+00:00
b4f1ec9f4b5c8207f8fc29522efe783d,2024-07-17 20:28:01.292546+00:00
a91bc76c2a6302e573badedcbf57bf7a,2024-07-17 20:28:01.292548+00:00
618faa1728eb2ef6e3733645273ab145,2024-07-17 20:28:01.292550+00:00
f8b7aa3a0d349d9562b424160ad18612,2024-07-17 20:28:01.292553+00:00
9bcb182ab31f229322cff3c8888b2cec,2024-07-17 20:28:01.292555+00:00
1a37546d1929c0ff3ca32d2ddacc41a9,2024-07-17 20:28:01.292557+00:00
9c415bdd4dd66723ef7b38853ef35ddb,2024-07-17 20:28:01.292560+00:00
13384ffc9d8bdb21c53c6f72d46f7866,2024-07-17 20:28:01.292562+00:00
0b794a03744a03800313ca0f2e291294,2024-07-17 20:28:01.292564+00:00
838f14a84363d9a7ac1b06ad63fc6fb5,2024-07-17 20:28:01.292567+00:00
7a2b33c672ce223b2aa5789171ddde2f,2024-07-17 20:28:01.292569+00:00
1437751a77305a0c4c8d44127bd8c285,2024-07-17 20:28:01.292572+00:00
d5ab8dc7ef67ca92e41d730982c5c602,2024-07-17 20:28:01.292574+00:00
dea184826614d3f4c608731389ed0c74,2024-07-17 20:28:01.292577+00:00
bb44c2e24438b59f0d2109fec67f6b20,2024-07-17 20:28:01.292579+00:00
0d3180d672e08b4c5312dcdafdf6ef36,2024-07-17 20:28:01.292581+00:00
a1d33d0dfec820b41b54430b50e96b5c,2024-07-17 20:28:01.292584+00:00
6f2268bd1d3d3ebaabb04d6b5d099425,2024-07-17 20:28:01.292586+00:00
da8ce53cf0240070ce6c69c48cd588ee,2024-07-17 20:28:01.292589+00:00
d58072be2820e8682c0a27c0518e805e,2024-07-17 20:28:01.292591+00:00
b0b183c207f46f0cca7dc63b2604f5cc,2024-07-17 20:28:01.292593+00:00
8c235f89a8143a28a1d6067e959dd858,2024-07-17 20:28:01.292596+00:00
20aee3a5f4643755a79ee5f6a73050ac,2024-07-17 20:28:01.292598+00:00
da0d1111d2dc5d489242e60ebcbaf988,2024-07-17 20:28:01.292601+00:00
bea5955b308361a1b07bc55042e25e54,2024-07-17 20:28:01.292603+00:00
e820a45f1dfc7b95282d10b6087e11c0,2024-07-17 20:28:01.292605+00:00
c8c41c4a18675a74e01c8a20e8a0f662,2024-07-17 20:28:01.292608+00:00
299a23a2291e2126b91d54f3601ec162,2024-07-17 20:28:01.292610+00:00
2290a7385ed77cc5592dc2153229f082,2024-07-17 20:28:01.292613+00:00
43dd49b4fdb9bede653e94468ff8df1e,2024-07-17 20:28:01.292615+00:00
d91d1b4d82419de8a614abce9cc0e6d4,2024-07-17 20:28:01.292618+00:00
8b4066554730ddfaa0266346bdc1b202,2024-07-17 20:28:01.292620+00:00
6a2feef8ed6a9fe76d6b3f30f02150b4,2024-07-17 20:28:01.292622+00:00
fd2c5e4680d9a01dba3aada5ece22270,2024-07-17 20:28:01.292625+00:00
55b1927fdafef39c48e5b73b5d61ea60,2024-07-17 20:28:01.292627+00:00
a113c1ecd3cace2237256f4c712f61b5,2024-07-17 20:28:01.292630+00:00
b571ecea16a9824023ee1af16897a582,2024-07-17 20:28:01.292632+00:00
b24d516bb65a5a58079f0f3526c87c57,2024-07-17 20:28:01.292634+00:00
3bf55bbad370a8fcad1d09b005e278c2,2024-07-17 20:28:01.292637+00:00
7940ab47468396569a906f75ff3f20ef,2024-07-17 20:28:01.292639+00:00
4671aeaf49c792689533b00664a5c3ef,2024-07-17 20:28:01.292642+00:00
3546ab441e56fa333f8b44b610d95691,2024-07-17 20:28:01.292644+00:00
c70daf247944fe3add32218f914c75a6,2024-07-17 20:28:01.292646+00:00
05311655a15b75fab86956663e1819cd,2024-07-17 20:28:01.292649+00:00
82965d4ed8150294d4330ace00821d77,2024-07-17 20:28:01.292651+00:00
14d9e8007c9b41f57891c48e07c23f57,2024-07-17 20:28:01.292654+00:00
970af30e481057c48f87e101b61e6994,2024-07-17 20:28:01.292656+00:00
411ae1bf081d1674ca6091f8c59a266f,2024-07-17 20:28:01.292659+00:00
c930eecd01935feef55942cc445f708f,2024-07-17 20:28:01.292661+00:00
5e76bef6e019b2541ff53db39f407a98,2024-07-17 20:28:01.292663+00:00
1abb1e1ea5f481b589da52303b091cbb,2024-07-17 20:28:01.292666+00:00
97275a23ca44226c9964043c8462be96,2024-07-17 20:28:01.292668+00:00
7fb8ceb3bd59c7956b1df66729296a4c,2024-07-17 20:28:01.292671+00:00
8725fb777f25776ffa9076e44fcfd776,2024-07-17 20:28:01.292673+00:00
97d98119037c5b8a9663cb21fb8ebf47,2024-07-17 20:28:01.292675+00:00
fc9b003bb003a298c2ad0d05e4342bdc,2024-07-17 20:28:01.292678+00:00
b3bbccd6c008e727785cb81b1aa08ac5,2024-07-17 20:28:01.292681+00:00
7283518d47a05a09d33779a17adf1707,2024-07-17 20:28:01.292684+00:00
df9028fcb6b065e000ffe8a4f03eeb38,2024-07-17 20:28:01.292686+00:00
ed519dacc89b2bead3f453b0b05a4a8b,2024-07-17 20:28:01.292689+00:00
a19acd7d2689207f9047f8cb01357370,2024-07-17 20:28:01.292691+00:00
e1314fc026da60d837353d20aefaf054,2024-07-17 20:28:01.292694+00:00
56f9f88906aebf4ad985aaec7fa01313,2024-07-17 20:28:01.292696+00:00
f22e4747da1aa27e363d86d40ff442fe,2024-07-17 20:28:01.292698+00:00
7d2b92b6726c241134dae6cd3fb8c182,2024-07-17 20:28:01.292701+00:00
88ef51f0bf911e452e8dbb1d807a81ab,2024-07-17 20:28:01.292703+00:00
2b0f658cbffd284984fb11d90254081f,2024-07-17 20:28:01.292705+00:00
a48564053b3c7b54800246348c7fa4a0,2024-07-17 20:28:01.292708+00:00
f8bf09f5fceaea80e1f864a1b48938bf,2024-07-17 20:28:01.292710+00:00
654ad60ebd1ae29cedc37da04b6b0672,2024-07-17 20:28:01.292713+00:00
a088ea2078cd92b0b8a0e78a32c5c082,2024-07-17 20:28:01.292715+00:00
801272ee79cfde7fa5960571fee36b9b,2024-07-17 20:28:01.292717+00:00
2cad8fa47bbef282badbb8de5374b894,2024-07-17 20:28:01.292720+00:00
1a0a283bfe7c549dee6c638a05200e32,2024-07-17 20:28:01.292722+00:00
ef41d488755367316f04fc0e0e9dc9fc,2024-07-17 20:28:01.292725+00:00
f6e794a75c5d51de081dbefa224304f9,2024-07-17 20:28:01.292727+00:00
1e8c391abfde9abea82d75a2d60278d4,2024-07-17 20:28:01.292729+00:00
6e5025ccc7d638ae4e724da8938450a6,2024-07-17 20:28:01.292732+00:00
169779d3852b32ce8b1a1724dbf5217d,2024-07-17 20:28:01.292734+00:00
100d9f30ca54b18d14821dc88fea0631,2024-07-17 20:28:01.292736+00:00
81b3833e2504647f9d794f7d7b9bf341,2024-07-17 20:28:01.292739+00:00
cd0cbcc668fe4bc58e0af3cc7e0a653d,2024-07-17 20:28:01.292741+00:00
0f46c64b74a6c964c674853a89796c8e,2024-07-17 20:28:01.292744+00:00
40b5f25a228570053bc64a043c3f1833,2024-07-17 20:28:01.292746+00:00
2d2ca7eedf739ef4c3800713ec482e1a,2024-07-17 20:28:01.292748+00:00
35936504a37d53e03abdfbc7318d9ec7,2024-07-17 20:28:01.292751+00:00
f52854cc99ae1c1966b0a21d0127975b,2024-07-17 20:28:01.292753+00:00
020bf2c45e7bb322f89a226bd2c5d41b,2024-07-17 20:28:01.292755+00:00
49d4b2faeb4b7b9e745775793141e2b2,2024-07-17 20:28:01.292758+00:00
7e05d6f828574fbc975a896b25bb011e,2024-07-17 20:28:01.292760+00:00
7989edad14ebcd3adfacc7344dc6b739,2024-07-17 20:28:01.292763+00:00
d9fc0cdb67638d50f411432d0d41d0ba,2024-07-17 20:28:01.292765+00:00
696b35cc35e710279b9c2dedc08e22d7,2024-07-17 20:28:01.292768+00:00
4a8423d5e91fda00bb7e46540e2b0cf1,2024-07-17 20:28:01.292770+00:00
9407c826d8e3c07ad37cb2d13d1cb641,2024-07-17 20:28:01.292772+00:00
f7ac67a9aa8d255282de7d11391e1b69,2024-07-17 20:28:01.292775+00:00
dbd22ba3bd0df8f385bdac3e9f8be207,2024-07-17 20:28:01.292777+00:00
8169e05e2a0debcb15458f2cc1eff0ea,2024-07-17 20:28:01.292779+00:00
dda04f9d634145a9c68d5dfe53b21272,2024-07-17 20:28:01.292782+00:00
978fce5bcc4eccc88ad48ce3914124a2,2024-07-17 20:28:01.292784+00:00
8cff9bf6694dccfc3b6a613d05d51d16,2024-07-17 20:28:01.292786+00:00
38181d991caac98be8fb2ecb8bd0f166,2024-07-17 20:28:01.292789+00:00
1b9812b99fe2672af746cefda86be5f9,2024-07-17 20:28:01.292791+00:00
e727fa59ddefcefb5d39501167623132,2024-07-17 20:28:01.292812+00:00
5ac8bb8a7d745102a978c5f8ccdb61b8,2024-07-17 20:28:01.292816+00:00
a8345c3bb9e3896ea538ce77ffaf2c20,2024-07-17 20:28:01.292818+00:00
41ab1b1d6bf108f388dfb5cd282fb76c,2024-07-17 20:28:01.292820+00:00
5a99158e0c52f9e7d290906c9d08268d,2024-07-17 20:28:01.292823+00:00
23fc4cba066f390a8cc729c7592b6ee8,2024-07-17 20:28:01.292825+00:00
361440528766bbaaaa1901845cf4152b,2024-07-17 20:28:01.292828+00:00
fc192b0c0d270dbf41870a63a8c76c2f,2024-07-17 20:28:01.292830+00:00
9dc372713683fd865d366d5d9ee810ba,2024-07-17 20:28:01.292832+00:00
9a11883317fde3aef2e2432a58c86779,2024-07-17 20:28:01.292835+00:00
f75526659f31040afeb61cb7133e4e6d,2024-07-17 20:28:01.292837+00:00
1cd138d0499a68f4bb72bee04bbec2d7,2024-07-17 20:28:01.292840+00:00
ae587cfeea5ac21a8f1c1ea51027fef0,2024-07-17 20:28:01.292842+00:00
0d9095b0d6bbe98ea0c9c02b11b59ee3,2024-07-17 20:28:01.292844+00:00
182e6c2d3d78eef40e5dac7da77a748f,2024-07-17 20:28:01.292847+00:00
f076073b2082f8741a9cd07b789c77a0,2024-07-17 20:28:01.292849+00:00
6624b6d8217cf71640993409df58204f,2024-07-17 20:28:01.292851+00:00
25766f01628f3d34b93a36a2301dffc9,2024-07-17 20:28:01.292854+00:00
db5cea26ca37aa09e5365f3e7f5dd9eb,2024-07-17 20:28:01.292856+00:00
24b43fb034a10d78bec71274033b4096,2024-07-17 20:28:01.292859+00:00
ec47a5de1ebd60f559fee4afd739d59b,2024-07-17 20:28:01.292861+00:00
51be2fed6c55f5aa0c16ff14c140b187,2024-07-17 20:28:01.292863+00:00
ef72d53990bc4805684c9b61fa64a102,2024-07-17 20:28:01.292866+00:00
f14bc21be7eaeed046fed206a492e652,2024-07-17 20:28:01.292868+00:00
8004d637b6236202217be3dfcdd8ce59,2024-07-17 20:28:01.292871+00:00
3b5020bb891119b9f5130f1fea9bd773,2024-07-17 20:28:01.292873+00:00
b23f52202479e957b9bada847c1175d7,2024-07-17 20:28:01.292875+00:00
37e7897f62e8d91b1ce60515829ca282,2024-07-17 20:28:01.292878+00:00
92a08bf918f44ccd961477be30023da1,2024-07-17 20:28:01.292880+00:00
b08354f3688c4e4e8c52c207d7d5b8c3,2024-07-17 20:28:01.292883+00:00
24ec8468b67314c2013d215b77034476,2024-07-17 20:28:01.292885+00:00
c57abe86de4e516e12dfa386053fbfe2,2024-07-17 20:28:01.292888+00:00
0613239e122094abb4ef998c01d16958,2024-07-17 20:28:01.292890+00:00
9ddb9dd5d8aee9a76bf217a2a3c54833,2024-07-17 20:28:01.292892+00:00
63bfd6e8f26d1d3537f4c5038264ef36,2024-07-17 20:28:01.292895+00:00
3ce6d3c8830d27ec2e6a1936ecbaa514,2024-07-17 20:28:01.292897+00:00
936824c0191953647ec609b4f49bc964,2024-07-17 20:28:01.292899+00:00
dba132f6ab6a3e3d17a8d59e82105f4c,2024-07-17 20:28:01.292902+00:00
ac8cd1808dc30460a81cab1b0e6652fa,2024-07-17 20:28:01.292904+00:00
07f75d9144912970de5a09f5a305e10c,2024-07-17 20:28:01.292907+00:00
0e7e05fa1026b0c5459267608ae320b8,2024-07-17 20:28:01.292909+00:00
c6f798b844366ccd65d99bc7f31e0e02,2024-07-17 20:28:01.292911+00:00
56503192b14190d3826780d47c0d3bf3,2024-07-17 20:28:01.292914+00:00
73c03186765e199c116224b68adc5fa0,2024-07-17 20:28:01.292916+00:00
2974788b53f73e7950e8aa49f3a306db,2024-07-17 20:28:01.292918+00:00
cf1cf43cba274ae7f413e864682b80f8,2024-07-17 20:28:01.292921+00:00
939314105ce8701e67489642ef4d49e8,2024-07-17 20:28:01.292923+00:00
50cf0763d8eb871776d4f28b39deb564,2024-07-17 20:28:01.292926+00:00
7c220a2091c26a7f5e9f1cfb099511e3,2024-07-17 20:28:01.292928+00:00
630b7d8dd49a0bab667498f287d68c16,2024-07-17 20:28:01.292930+00:00
cdd0500dc0ef6682fa6ec6d2e6b577c4,2024-07-17 20:28:01.292933+00:00
cae82d4350cc23aca7fc9ae38dab38ab,2024-07-17 20:28:01.292935+00:00
49c0fa7f96aa0a5fb95c62909d5190a6,2024-07-17 20:28:01.292938+00:00
2b346a0aa375a07f5a90a344a61416c4,2024-07-17 20:28:01.292940+00:00
898aef0932f6aaecda27aba8e9903991,2024-07-17 20:28:01.292942+00:00
0b105cf1504c4e241fcc6d519ea962fb,2024-07-17 20:28:01.292945+00:00
33ef701c8059391708f1c3ddbe9f1f81,2024-07-17 20:28:01.292947+00:00
91f9fec9b080c74297a55c392b5f40a4,2024-07-17 20:28:01.292950+00:00
d74cb35426f3d808325876f45b69dbf1,2024-07-17 20:28:01.292952+00:00
add7a048049671970976f3e18f21ade3,2024-07-17 20:28:01.292954+00:00
34306d99c63613fad5b2a140398c0420,2024-07-17 20:28:01.292957+00:00
5e7264477cf9b6b237a0d254cf0324e2,2024-07-17 20:28:01.292959+00:00
fcde14913c766cf307c75059e0e89af5,2024-07-17 20:28:01.292962+00:00
6236c78e73f52110ae39e588ba88de0b,2024-07-17 20:28:01.292964+00:00
4f5a97cf06cf69028997db51d8726d28,2024-07-17 20:28:01.292966+00:00
c255c05246a081654a0267cbb725f5a7,2024-07-17 20:28:01.292969+00:00
86098ef82c97fa789a47a8d2e8800794,2024-07-17 20:28:01.292971+00:00
5c8e07660e3000f141dda8b83107ed6e,2024-07-17 20:28:01.292974+00:00
4837ba5cd49c7f03caaa423049e66daf,2024-07-17 20:28:01.292976+00:00
c09f9caf5e08836d4673ccdd69bb041e,2024-07-17 20:28:01.292978+00:00
b085c4fa543afe32970749f5e2bcdc6a,2024-07-17 20:28:01.292981+00:00
29e1c59be16c852670e3be302e8c303b,2024-07-17 20:28:01.292983+00:00
af8d9c4e238c63fb074b44eb6aed80ae,2024-07-17 20:28:01.292986+00:00
31b91e3a8737fd8dd3d4b0c8c679049b,2024-07-17 20:28:01.292988+00:00
e366d105cfd734677897aaccf51e97a3,2024-07-17 20:28:01.292990+00:00
9529fbba677729d3206b3b9073d1e9ca,2024-07-17 20:28:01.292993+00:00
46123e470d3226911c48df4e9867b9db,2024-07-17 20:28:01.292995+00:00
eca89c0554ce99eaf250504971789ede,2024-07-17 20:28:01.292998+00:00
5bf8aaef51c6e0d363cbe554acaf3f20,2024-07-17 20:28:01.293000+00:00
bba6bca05fecde04c682328e44b974b7,2024-07-17 20:28:01.293003+00:00
861578d797aeb0634f77aff3f488cca2,2024-07-17 20:28:01.293005+00:00
16d11e9595188dbad0418a85f0351aba,2024-07-17 20:28:01.293008+00:00
cd474f6341aeffd65f93084d0dae3453,2024-07-17 20:28:01.293010+00:00
2bce32ed409f5ebcee2a7b417ad9beed,2024-07-17 20:28:01.293012+00:00
0530e22dea41e24a039563139cdc215e,2024-07-17 20:28:01.293015+00:00
d278df4919453195d221030324127a0e,2024-07-17 20:28:01.293017+00:00
c0e19ce0dbabbc0d17a4f8d4324cc8e3,2024-07-17 20:28:01.293019+00:00
fd45ebc1e1d76bc1fe0ba933e60e9957,2024-07-17 20:28:01.293022+00:00
d40e0a2a2f466a90ee2630fc925e7af9,2024-07-17 20:28:01.293024+00:00
18a010d2a9813e91907ce88cd9143fdf,2024-07-17 20:28:01.293027+00:00
63cb524a9f51b7858733e1108bf556fa,2024-07-17 20:28:01.293029+00:00
a787f02ed34fd886eb6d49e60d9c9120,2024-07-17 20:28:01.293032+00:00
40cccad2ac57c29035a432356f3c978d,2024-07-17 20:28:01.293034+00:00
f291e10ec3263bd7724556d62e70e25d,2024-07-17 20:28:01.293037+00:00
b8599b9343f82e3bc30984ca4f3fea3f,2024-07-17 20:28:01.293039+00:00
a8ef1979aeec2737ae3830ec543ed0df,2024-07-17 20:28:01.293042+00:00
1f187c8bc462403c4646ab271007edf4,2024-07-17 20:28:01.293046+00:00
2bf5e202fc973a02f417dc9af000177b,2024-07-17 20:28:01.293048+00:00
a75a52f7209c01df2598a77ebc4de539,2024-07-17 20:28:01.293051+00:00
767b2cc82cecc0385fe6f1086dd2c748,2024-07-17 20:28:01.293053+00:00
7d411dca7348327b71e894c52e76eeeb,2024-07-17 20:28:01.293056+00:00
bf56a1b37b94243486b2034f8479c475,2024-07-17 20:28:01.293058+00:00
597c7b407a02cc0a92167e7a371eca25,2024-07-17 20:28:01.293060+00:00
9f1f64b519d20e2ccc36e1589a8f7555,2024-07-17 20:28:01.293063+00:00
78f1893678afbeaa90b1fa01b9cfb860,2024-07-17 20:28:01.293065+00:00
7a54486317b6dde9ce8fadaf3e7601f4,2024-07-17 20:28:01.293068+00:00
f1920129f9c75b3d604ea4874e120736,2024-07-17 20:28:01.293070+00:00
e9dae45ec08b498f7e1af247757c9b35,2024-07-17 20:28:01.293072+00:00
bfd2308e9e75263970f8079115edebbd,2024-07-17 20:28:01.293075+00:00
50adecfc746426ca10973a067421d0bf,2024-07-17 20:28:01.293077+00:00
8685549650016d9e1d14bf972262450b,2024-07-17 20:28:01.293080+00:00
fc452d063a72e0824cacf90a32c3e358,2024-07-17 20:28:01.293082+00:00
700fdb2ba62d4554dc268c65add4b16e,2024-07-17 20:28:01.293084+00:00
53420bd6e6798761679772a7dd012674,2024-07-17 20:28:01.293087+00:00
b22ed7eafe03b63112ef3ff52f0b99db,2024-07-17 20:28:01.293089+00:00
1cc8a8ea51cd0adddf5dab504a285915,2024-07-17 20:28:01.293092+00:00
7e712eefe0de44f5509b2329b9196827,2024-07-17 20:28:01.293094+00:00
20cf775fa6b5dfe621ade096f5d85d52,2024-07-17 20:28:01.293096+00:00
b71155d90aef3bc38cb92db5a9afe4ce,2024-07-17 20:28:01.293099+00:00
1f2b325dcdaf12a68ed498273206d263,2024-07-17 20:28:01.293101+00:00
e7a425c6ece20cbc9056f98699b53c6f,2024-07-17 20:28:01.293103+00:00
f5e62af885293cf4d511ceef31e61c80,2024-07-17 20:28:01.293106+00:00
79e785d63f00348ff360d5a86528580b,2024-07-17 20:28:01.293121+00:00
427e3427c5f38a41bb9cb26525b22fba,2024-07-17 20:28:01.293124+00:00
eaae5e04a259d09af85c108fe4d7dd0c,2024-07-17 20:28:01.293132+00:00
991327d63593b0ba2c45618bf81f6a64,2024-07-17 20:28:01.293135+00:00
280cf18baf4311c92aa5a042336587d3,2024-07-17 20:28:01.293137+00:00
87ba276ebbe553ec05d2f5b37c20125f,2024-07-17 20:28:01.293140+00:00
f1ea154c843f7cf3677db7ce922a2d17,2024-07-17 20:28:01.293142+00:00
9f96f36b7aae3b1ff847c26ac94c604e,2024-07-17 20:28:01.293144+00:00
f1ababf130ee6a25f12da7478af8f1ac,2024-07-17 20:28:01.293147+00:00
d4b5b5c16df28e61124e13181db7774c,2024-07-17 20:28:01.293149+00:00
a35fe7f7fe8217b4369a0af4244d1fca,2024-07-17 20:28:01.293152+00:00
b17c0907e67d868b4e0feb43dbbe6f11,2024-07-17 20:28:01.293154+00:00
ca172e964907a97d5ebd876bfdd4adbd,2024-07-17 20:28:01.293156+00:00
a7971abb4134fc0cfcec7d589e1ebcf6,2024-07-17 20:28:01.293159+00:00
b6f8dc086b2d60c5856e4ff517060392,2024-07-17 20:28:01.293161+00:00
8cea559c47e4fbdb73b23e0223d04e79,2024-07-17 20:28:01.293164+00:00
8977ecbb8cb82d77fb091c7a7f186163,2024-07-17 20:28:01.293166+00:00
d3f06eef2ffac7faadbe3055a70682ac,2024-07-17 20:28:01.293169+00:00
91bc333f6967019ac47b49ca0f2fa757,2024-07-17 20:28:01.293171+00:00
9e95248d9b714a96f47fd159b4c6e911,2024-07-17 20:28:01.293173+00:00
885b2c7a6deb4fea10f319c4ce993e02,2024-07-17 20:28:01.293176+00:00
5cde6dedeb8892e3794f22db57ada073,2024-07-17 20:28:01.293178+00:00
ea06ed6e977637a81ea9d22b3090e28a,2024-07-17 20:28:01.293181+00:00
7d3010c11d08cf990b7614d2c2ca9098,2024-07-17 20:28:01.293183+00:00
169582a799e5b6c46fdfd432379f60d8,2024-07-17 20:28:01.293185+00:00
8726bb30dc7ce15023daa8ff8402bcfd,2024-07-17 20:28:01.293188+00:00
a24281a03c28fa405eb29b54ebfe5d9b,2024-07-17 20:28:01.293190+00:00
78289d91e9c4adcf4e97d6b3d4df6ae0,2024-07-17 20:28:01.293193+00:00
c5ab6cebaca97f7171139e4d414ff5a6,2024-07-17 20:28:01.293195+00:00
23fa71cc32babb7b91130824466d25a5,2024-07-17 20:28:01.293197+00:00
6018df1842f7130f1b85a6f8e911b96b,2024-07-17 20:28:01.293200+00:00
08aac6ac98e59e523995c161e57875f5,2024-07-17 20:28:01.293202+00:00
7070f9088e456682f0f84f815ebda761,2024-07-17 20:28:01.293204+00:00
2ba61cc3a8f44143e1f2f13b2b729ab3,2024-07-17 20:28:01.293207+00:00
1e69276e3d5650de297e980aa4f59671,2024-07-17 20:28:01.293209+00:00
cf5530d9e441e0d78574353214373569,2024-07-17 20:28:01.293212+00:00
82debd8a12b498e765a11a8e51159440,2024-07-17 20:28:01.293214+00:00
a64a034c3cb8eac64eb46ea474902797,2024-07-17 20:28:01.293216+00:00
46cd618b83bec844b0dc2c7258f4de11,2024-07-17 20:28:01.293219+00:00
c1a3d34711ab5d85335331ca0e57f067,2024-07-17 20:28:01.293221+00:00
6b5ce5a5aa1b506c66ece16c4cd9138d,2024-07-17 20:28:01.293224+00:00
1b9e43c170cd3fc59624a18663b8d4d2,2024-07-17 20:28:01.293226+00:00
07dbd9a180c7cc69cada7b982c5ae82c,2024-07-17 20:28:01.293228+00:00
211b39255232ab59ce78f2e28cd0292b,2024-07-17 20:28:01.293231+00:00
9ba82616fac74de9ce334ea7532cfddc,2024-07-17 20:28:01.293233+00:00
f4f691ac947fd92b7ab3c33d3f90bfed,2024-07-17 20:28:01.293236+00:00
1f5f5b265100daad35b3a491e1c55351,2024-07-17 20:28:01.293238+00:00
d47619b92cebc6ebfa07969ab5370ae6,2024-07-17 20:28:01.293240+00:00
4b17d3264fd9070a5be706c853ccd720,2024-07-17 20:28:01.293243+00:00
7ec69dd44416c46745f6edd947b470cd,2024-07-17 20:28:01.293245+00:00
6074c6aa3488f3c2dddff2a7ca821aab,2024-07-17 20:28:01.293248+00:00
5cb22b6ada9b860235e5e20975f23de3,2024-07-17 20:28:01.293250+00:00
18cdf49ea54eec029238fcc95f76ce41,2024-07-17 20:28:01.293252+00:00
3366297a637d4a3a358dfc6faad2fcf5,2024-07-17 20:28:01.293255+00:00
ac53fab47b547a0d47b77e424cf119ba,2024-07-17 20:28:01.293257+00:00
5291822d0636dc429e80e953c58b6a76,2024-07-17 20:28:01.293260+00:00
ab81265d898ef7f38a3e95fc98c2a669,2024-07-17 20:28:01.293262+00:00
01846ae470651e97d2f73fce979406a9,2024-07-17 20:28:01.293264+00:00
d0f5722f11a0cc839fa2ca6ea49d8585,2024-07-17 20:28:01.293267+00:00
754c32eb39c6dfd8b7c97531a459937c,2024-07-17 20:28:01.293269+00:00
fa1839c55070bf5cb53fd4a2e523641c,2024-07-17 20:28:01.293272+00:00
1f029c1e1abaaf0605807b7f91552d36,2024-07-17 20:28:01.293283+00:00
f7dd39d47c6f28f7877155ccffad0192,2024-07-17 20:28:01.293285+00:00
c7be03f5d811ed29c328526ca8ab0d61,2024-07-17 20:28:01.293287+00:00
81cacbb44ce8bf874ef92e1a73432c7f,2024-07-17 20:28:01.293290+00:00
9715d04413f296eaf3c30c47cec3daa6,2024-07-17 20:28:01.293292+00:00
d156d4836ea87dd732cfda175b7911cb,2024-07-17 20:28:01.293295+00:00
8e036cc193d0af59aa9b22821248292b,2024-07-17 20:28:01.293297+00:00
228669109aa3ab1b4ec06b7722efb105,2024-07-17 20:28:01.293299+00:00
2aec405d4b5959235c49ec1d78edb0c2,2024-07-17 20:28:01.293302+00:00
7ee6f2b3b68a212d3b7a4f6557eb8cc7,2024-07-17 20:28:01.293304+00:00
8ae1da0fe37c98412768453f82490da2,2024-07-17 20:28:01.293306+00:00
2f0928c25ff3f884e8d2fa38835bd328,2024-07-17 20:28:01.293309+00:00
32cfdce9631d8c7906e8e9d6e68b514b,2024-07-17 20:28:01.293311+00:00
6d7d394c9d0c886e9247542e06ebb705,2024-07-17 20:28:01.293313+00:00
fcd4c889d516a54d5371f00e3fdd70dc,2024-07-17 20:28:01.293316+00:00
ea1818cbe59c23b20f1a10a8aa083a82,2024-07-17 20:28:01.293318+00:00
4b01078e96f65f2ad6573ce6fecc944d,2024-07-17 20:28:01.293321+00:00
bacadc62d6e67d7897cef027fa2d416c,2024-07-17 20:28:01.293323+00:00
2be5f9c2e3620eb73c2972d7552b6cb5,2024-07-17 20:28:01.293325+00:00
5a2a330b175fe588c2551b78d18d3207,2024-07-17 20:28:01.293328+00:00
5bf73bc6c6e6775d472621264309a88b,2024-07-17 20:28:01.293330+00:00
6aaba9a124857622930ca4e50f5afed2,2024-07-17 20:28:01.293332+00:00
63d5fb54a858dd033fe90e6e4a74b0f0,2024-07-17 20:28:01.293335+00:00
2adafb1b5d684e6c15a2d063367be012,2024-07-17 20:28:01.293337+00:00
67ba02d73c54f0b83c05507b7fb7267f,2024-07-17 20:28:01.293339+00:00
9d1827dc5f75b9d65d80e25eb862e676,2024-07-17 20:28:01.293342+00:00
56f0b515214a7ec9f08a4bbf9a56f7ba,2024-07-17 20:28:01.293344+00:00
575425a3f433138553be468c9d1ecba7,2024-07-17 20:28:01.293346+00:00
405075699f065e43581f27d67bb68478,2024-07-17 20:28:01.293349+00:00
6a13382a520e0420014027350a0b3eb4,2024-07-17 20:28:01.293351+00:00
6467c327eaf8940b4dd07a08c63c5e85,2024-07-17 20:28:01.293353+00:00
14eac0d254a6ccaf9b67584c7830a5c0,2024-07-17 20:28:01.293356+00:00
c54bc2ded4480856dc9f39bdcf35a3e7,2024-07-17 20:28:01.293358+00:00
5fde40544cff0001484ecae2466ce96e,2024-07-17 20:28:01.293361+00:00
a6869a35be893ac2d85989c5cd605539,2024-07-17 20:28:01.293363+00:00
92c3b916311a5517d9290576e3ea37ad,2024-07-17 20:28:01.293365+00:00
72c25197b6a491816d9a84b42d7205f0,2024-07-17 20:28:01.293368+00:00
99cad265a1768cc2dd013f0e740300ae,2024-07-17 20:28:01.293370+00:00
ebbdfea212e3a756a1fded7b35578525,2024-07-17 20:28:01.293373+00:00
80e888e0e8706954e2b97ebc980a172e,2024-07-17 20:28:01.293375+00:00
a860a7886d7c7e2a8d3eaac96f76dc0d,2024-07-17 20:28:01.293377+00:00
46f5ffb3777b7659bb35da6ddab19e05,2024-07-17 20:28:01.293380+00:00
52bdba949576e6bcec5682a4993bfb58,2024-07-17 20:28:01.293382+00:00
6828f61cee49c7a4da0f9c1d3e03b857,2024-07-17 20:28:01.293384+00:00
6fae4e7975cfb72a356e6a8682456c6e,2024-07-17 20:28:01.293387+00:00
1b89a2e980724cb8997459fadb907712,2024-07-17 20:28:01.293389+00:00
bea6cfd50b4f5e3c735a972cf0eb8450,2024-07-17 20:28:01.293391+00:00
781877bda0783aac5f1cf765c128b437,2024-07-17 20:28:01.293394+00:00
27934a1f19d678a1377c257b9a780e80,2024-07-17 20:28:01.293396+00:00
86b3e165b8154656a71ffe8a327ded7d,2024-07-17 20:28:01.293398+00:00
eae31887c8969d1bde123982d3d43cd2,2024-07-17 20:28:01.293401+00:00
1f9f9d8ff75205aa73ec83e543d8b571,2024-07-17 20:28:01.293403+00:00
5a499f6e26313e19bd4049009bbed5bd,2024-07-17 20:28:01.293405+00:00
65586803f1435736f42a541d3a924595,2024-07-17 20:28:01.293408+00:00
b2dc449578a4744a1684d3b0ea933702,2024-07-17 20:28:01.293410+00:00
dffbb6efd376d8dbb22cdf491e481edc,2024-07-17 20:28:01.293413+00:00
7c05147f3029c97ce26c0cb0b2469fca,2024-07-17 20:28:01.293415+00:00
e5ba7c3bbe8402a49a10fed2162dac54,2024-07-17 20:28:01.293417+00:00
a6ce91443f690d0979d788694448382d,2024-07-17 20:28:01.293420+00:00
128ac9c427302b7a64314fc4593430b2,2024-07-17 20:28:01.293422+00:00
937936029af671cf479fa893db91cbdd,2024-07-17 20:28:01.293424+00:00
ba0a4d6ecea3e9e126dd3b6d77291c97,2024-07-17 20:28:01.293442+00:00
e6be4c22a5963ab00dfe8f3b695b5332,2024-07-17 20:28:01.293445+00:00
a33f5792b2a9a51ddd0111b3ac6e0e76,2024-07-17 20:28:01.293447+00:00
f056bfa71038e04a2400266027c169f9,2024-07-17 20:28:01.293450+00:00
aad64398a969ec3186800d412fa7ab31,2024-07-17 20:28:01.293452+00:00
dba4c1a117472f6aca95211285d0587e,2024-07-17 20:28:01.293455+00:00
566f0ea4f6c2e947f36795c8f58ba901,2024-07-17 20:28:01.293457+00:00
e9a53d0ed1816293ef24647c7b33d819,2024-07-17 20:28:01.293459+00:00
ced92d38d8fec10f1da779dfa44f8bbe,2024-07-17 20:28:01.293462+00:00
08f0efebb1c51aada9430a089a2050cc,2024-07-17 20:28:01.293464+00:00
5c2631d54272554b181cf21ad2171fa3,2024-07-17 20:28:01.293466+00:00
09676fac73eda6cac726c43e43e86c58,2024-07-17 20:28:01.293469+00:00
20d039f53b4a6786c21ee0dbcd2d2c5d,2024-07-17 20:28:01.293471+00:00
f6b6d2a114a9644419dc8d2315f22401,2024-07-17 20:28:01.293474+00:00
fc394e9935fbd62c8aedc372464e1965,2024-07-17 20:28:01.293476+00:00
185e48a43c7f63acf74b1bd58827b510,2024-07-17 20:28:01.293478+00:00
0b229b5ea84cc5f79dcaf2984efb7e45,2024-07-17 20:28:01.293481+00:00
29263a8cf61fb9addf5629769fac92b7,2024-07-17 20:28:01.293483+00:00
201d546992726352471cfea6b0df0a48,2024-07-17 20:28:01.293485+00:00
588da7a73a2e919a23cb9a419c4c6d44,2024-07-17 20:28:01.293488+00:00
b80ba73857eed2a36dc7640e2310055a,2024-07-17 20:28:01.293490+00:00
8f91c9c261bfa0650898a921928d0950,2024-07-17 20:28:01.293492+00:00
5735c3a7aa6ffcfe6ab123835584db75,2024-07-17 20:28:01.293496+00:00
8be6adae5ae0e157014d7d250870f212,2024-07-17 20:28:01.293499+00:00
e41990b122b864f164d2ab96e8322690,2024-07-17 20:28:01.293501+00:00
9e6adb1432c4a75a33d48693328e4159,2024-07-17 20:28:01.293504+00:00
7dd11ae2d5ed34925bdbdc9b01866349,2024-07-17 20:28:01.293506+00:00
57db7d68d5335b52d5153a4e01adaa6b,2024-07-17 20:28:01.293508+00:00
ac3e2c4e1d4bd07fb973a2ea4d250160,2024-07-17 20:28:01.293511+00:00
d08726019e4a2a15cb1d49092e4d0522,2024-07-17 20:28:01.293513+00:00
2c29d89cc56cdb191c60db2f0bae796b,2024-07-17 20:28:01.293516+00:00
ad9d4d2bc5365e856dcb6d78fb0c7cb5,2024-07-17 20:28:01.293518+00:00
77bb14f6132ea06dea456584b7d5581e,2024-07-17 20:28:01.293520+00:00
58b4095fb5335282cc3fde57c643da38,2024-07-17 20:28:01.293523+00:00
19d47109e3c9e2c1423eac228aff27d1,2024-07-17 20:28:01.293525+00:00
22cdb13a83f73ccd1f79ffaf607b0621,2024-07-17 20:28:01.293528+00:00
9c51a13764ca629f439f6accbb4ec413,2024-07-17 20:28:01.293530+00:00
76d4110e944e83212bafa4b11ebf2b7e,2024-07-17 20:28:01.293532+00:00
c2e7b5bb0ec8bb7e2aaf8a5516ca5387,2024-07-17 20:28:01.293535+00:00
be26abe76fb5c8a4921cf9d3e865b454,2024-07-17 20:28:01.293537+00:00
06a50e3f66db4a334202d3adfd31c589,2024-07-17 20:28:01.293540+00:00
38ed4039c0b33e2ec51cc4579405d03e,2024-07-17 20:28:01.293542+00:00
0defd533d51ed0a10c5c9dbf93ee78a5,2024-07-17 20:28:01.293544+00:00
a4ee59dd868ba016ed2de90d330acb6a,2024-07-17 20:28:01.293547+00:00
36ad8b5f42db492827016448975cc22d,2024-07-17 20:28:01.293549+00:00
327204b057100a1b7c574c2691c9a378,2024-07-17 20:28:01.293552+00:00
c024d58ad478410893cbbe4da74c9f4a,2024-07-17 20:28:01.293554+00:00
168411596e4c04bb30eaf83385d15c96,2024-07-17 20:28:01.293556+00:00
ae3f4c649fb55c2ee3ef4d1abdb79ce5,2024-07-17 20:28:01.293559+00:00
b16574c54c98b9512edbecb8fa4f47f2,2024-07-17 20:28:01.293561+00:00
44e215cfff0d2a4a66e595d3923cb843,2024-07-17 20:28:01.293564+00:00
46dce5f2f0e61edb70931a00d00a464e,2024-07-17 20:28:01.293566+00:00
908075ea2c025c335f4865f7db427062,2024-07-17 20:28:01.293568+00:00
11833d4b4ec685c371ae6d1a65cc341e,2024-07-17 20:28:01.293571+00:00
5d188b044333b4c62676e0d4f53dade7,2024-07-17 20:28:01.293573+00:00
08808cfb5939be387af3c159b83c6b98,2024-07-17 20:28:01.293576+00:00
95c3f1a8b262ec7a929a8739e21142d7,2024-07-17 20:28:01.293578+00:00
55b34fd73727d9b19698835c7d5302ae,2024-07-17 20:28:01.293580+00:00
a1d4c20b182ad7137ab3606f0e3fc8a4,2024-07-17 20:28:01.293583+00:00
00482b9bed15a272730fcb590ffebddd,2024-07-17 20:28:01.293585+00:00
bcff3f632fd16ff099a49c2f0932b47a,2024-07-17 20:28:01.293587+00:00
e1226495c14f1a62ae17aa76c1f0d457,2024-07-17 20:28:01.293590+00:00
fc5b3186f1cf0daece964f78259b7ba0,2024-07-17 20:28:01.293592+00:00
a2b8a85a29b2d64ad6f47275bf1360c6,2024-07-17 20:28:01.293595+00:00
b0285cbf334be23be58e7ff353af1af2,2024-07-17 20:28:01.293597+00:00
47e51e9d11cf800ff08674dbb68a48ab,2024-07-17 20:28:01.293599+00:00
d4a973e303ec37692cc8923e3148eef7,2024-07-17 20:28:01.293602+00:00
7818354194c4feae57304abadc2c437c,2024-07-17 20:28:01.293604+00:00
15c71b874531f45bba372bfc35e9b8cf,2024-07-17 20:28:01.293607+00:00
e2db7186375992e729165726762cb4c1,2024-07-17 20:28:01.293609+00:00
f1de5100906f31712aaa5166689bfdf4,2024-07-17 20:28:01.293611+00:00
0c0cfd9478c6551fbfe74a7acb6fc037,2024-07-17 20:28:01.293614+00:00
b45232282ea62bfccffbd5350317e7e2,2024-07-17 20:28:01.293616+00:00
83462e22a65e7e34975bbf2b639333ec,2024-07-17 20:28:01.293618+00:00
d4ca950da1d6fd954520c45ab19fef1c,2024-07-17 20:28:01.293621+00:00
b6af2c9703f203a2794be03d443af2e3,2024-07-17 20:28:01.293623+00:00
d40d35b3063c11244fbf38e9b55074be,2024-07-17 20:28:01.293626+00:00
fe2b421b8b5f0e7c355ace66a9fe0206,2024-07-17 20:28:01.293628+00:00
1b486d7a5189ebe8d8c46afc64b0d1b4,2024-07-17 20:28:01.293630+00:00
c1bb2ec7a913e32a2d05cacf3b83cd1b,2024-07-17 20:28:01.293633+00:00
36455d3b4aa959a5a5799f2316c06660,2024-07-17 20:28:01.293635+00:00
ac9815bef801f58de83804bce86984ad,2024-07-17 20:28:01.293637+00:00
73f9ddba165b5c59c61dd64960ba8b2d,2024-07-17 20:28:01.293640+00:00
117ffc1acd844e431a4b73f0867adae5,2024-07-17 20:28:01.293642+00:00
44590aa922914066f965ae67be0222d2,2024-07-17 20:28:01.293645+00:00
f80ebff16ccaa9b48a0224d7c489cef4,2024-07-17 20:28:01.293647+00:00
9969e5817467c11ff15639d0ed517c7a,2024-07-17 20:28:01.293649+00:00
0e230b1a582d76526b7ad7fc62ae937d,2024-07-17 20:28:01.293652+00:00
d69768b3da745b77e82cdbddcc8bac98,2024-07-17 20:28:01.293654+00:00
bf5d232e6c54a84b97769a91adb1642f,2024-07-17 20:28:01.293656+00:00
fbb17c69f51a5950e05e08cc14599b57,2024-07-17 20:28:01.293659+00:00
b7c0c7d6ce233d0fe18625ea3cd5bdb1,2024-07-17 20:28:01.293661+00:00
c75e10ef9ef6d295d4ceba8335d93bdd,2024-07-17 20:28:01.293664+00:00
64517d8435994992e682b3e4aa0a0661,2024-07-17 20:28:01.293666+00:00
328e5d4c166bb340b314d457a208dc83,2024-07-17 20:28:01.293668+00:00
bc27acd4e787c0a32597d6e4b8254851,2024-07-17 20:28:01.293671+00:00
2d4027d6df9c0256b8d4474ce88f8c88,2024-07-17 20:28:01.293673+00:00
212ab20dbdf4191cbcdcf015511783f4,2024-07-17 20:28:01.293676+00:00
b87039703fe79778e9f140b78621d7fb,2024-07-17 20:28:01.293678+00:00
5c341d10c5596a0fd920fda9f33bcb06,2024-07-17 20:28:01.293680+00:00
c8d3a760ebab631565f8509d84b3b3f1,2024-07-17 20:28:01.293683+00:00
6524341b411c77cdbd9dbc15f522c7b3,2024-07-17 20:28:01.293685+00:00
c6224c1be072bf5556817749c32e40c6,2024-07-17 20:28:01.293687+00:00
b4b758962f17808746e9bb832a6fa4b8,2024-07-17 20:28:01.293690+00:00
c89e6d59f9753e53018cf8de933c1aaa,2024-07-17 20:28:01.293692+00:00
7bcbf838aad2d6d4f975380ee45ef8d8,2024-07-17 20:28:01.293694+00:00
a2487e8950121487ee653a97ba29d020,2024-07-17 20:28:01.293697+00:00
b02f0c434ba1da7396aca257d0eb1e2f,2024-07-17 20:28:01.293699+00:00
6872937617af85db5a39a5243e858d1f,2024-07-17 20:28:01.293702+00:00
c5c53759e4dd1bfe8b3dcfec37d0ea72,2024-07-17 20:28:01.293704+00:00
d2e3e0c2ec10101c41b7f0a11ce93c57,2024-07-17 20:28:01.293706+00:00
60b2149f6bafd1cc9d505496f09160ba,2024-07-17 20:28:01.293709+00:00
3ebd728de6fa78aa8bc932e9abece9c0,2024-07-17 20:28:01.293711+00:00
9f0609b9d45dd55bed75f892cf095fcf,2024-07-17 20:28:01.293714+00:00
8386fa112ba70c3f60b6907d3812bb9e,2024-07-17 20:28:01.293716+00:00
5cb0e249689cd6d8369c4885435a56c2,2024-07-17 20:28:01.293718+00:00
4c03f769f791d9f1148f3b1e59090473,2024-07-17 20:28:01.293721+00:00
0eac690d7059a8de4b48e90f14510391,2024-07-17 20:28:01.293723+00:00
2dd758690d1113777f254f9eae319874,2024-07-17 20:28:01.293726+00:00
b0cf188d74589db9b23d5d277238a929,2024-07-17 20:28:01.293728+00:00
e561611fa0ccf4a2c8867a82f8382816,2024-07-17 20:28:01.293731+00:00
4513c30b7d281d3bd5b6f91ddb1f61b9,2024-07-17 20:28:01.293733+00:00
e3844e186e6eb8736e9f53c0c5889527,2024-07-17 20:28:01.293745+00:00
4d6da0c32dd563fea116da78ca1ffd39,2024-07-17 20:28:01.293748+00:00
d117dca133c64bf78a4b7696dd007189,2024-07-17 20:28:01.293751+00:00
100d5d9191f185eeb98d6e291756954a,2024-07-17 20:28:01.293753+00:00
322a45a25fb119b2fac403e6a2cc011c,2024-07-17 20:28:01.293755+00:00
a133710cb2bedc27da8daaadb931553b,2024-07-17 20:28:01.293758+00:00
83a703361336ec7c6f2efcd4f4a44206,2024-07-17 20:28:01.293760+00:00
8ff3fdef6f5144f50eb2a83cd34baa5d,2024-07-17 20:28:01.293989+00:00
fd11043c50c15f9e700a52b3f00136f8,2024-07-17 20:28:01.293998+00:00
1a725948eb0c738707b5c026a65ba618,2024-07-17 20:28:01.294001+00:00
afb992000fcf79ef7a53fffde9c8e044,2024-07-17 20:28:01.294004+00:00
b742027da6f65c2b92a85d76e41464e4,2024-07-17 20:28:01.294006+00:00
d2361d07d9f4dd38dd802a5e917176a3,2024-07-17 20:28:01.294009+00:00
9d3d9b8861c97e6bb5992d51d3232f8b,2024-07-17 20:28:01.294011+00:00
8eb4b4c01bf3375828c5494c2f6e7685,2024-07-17 20:28:01.294014+00:00
737eb13c7593133a06c7ac5b90d15d2a,2024-07-17 20:28:01.294016+00:00
db0cf003e7db9592288d809665cfeb2a,2024-07-17 20:28:01.294018+00:00
5a299bb7ced0e7c3ff4f32cf114d1391,2024-07-17 20:28:01.294021+00:00
e7364a5abd2a860cf8e33b114369b92b,2024-07-17 20:28:01.294023+00:00
f754186469a933256d7d64095e963594,2024-07-17 20:28:01.294026+00:00
d585d095b00cd2f5b50acb64add23834,2024-07-17 20:28:01.294028+00:00
428365de6e004c615fe51282a0b8d9db,2024-07-17 20:28:01.294031+00:00
9978f8c43c1e939caf27c50179266b55,2024-07-17 20:28:01.294033+00:00
e38668311c8b85421dfdaf8e3c883588,2024-07-17 20:28:01.294035+00:00
d0265f30550b715cece0b26fe2210fcc,2024-07-17 20:28:01.294038+00:00
909ba8dfdaa6ead78161b58f48b4dd12,2024-07-17 20:28:01.294040+00:00
82748072a2779538dfc56b11f67cc4bd,2024-07-17 20:28:01.294043+00:00
4d383d5cdcb4e8e52a3cbf0d9d6c02ff,2024-07-17 20:28:01.294045+00:00
5c9dc137c4e9543d7e4001d7bdef7413,2024-07-17 20:28:01.294047+00:00
e97ee5fdd2d1cb6594616ccf3488eac2,2024-07-17 20:28:01.294050+00:00
36c5d795235ef304afd54a4c84934d00,2024-07-17 20:28:01.294052+00:00
1c2de141a0c22ecc30c5f91934696d4d,2024-07-17 20:28:01.294055+00:00
8c0469dac676293843590e170b8f17f0,2024-07-17 20:28:01.294057+00:00
eede2d28a4d05ac58f8b79102668ad34,2024-07-17 20:28:01.294059+00:00
c8512d142a2d849725f31a9a7a361ab9,2024-07-17 20:28:01.294062+00:00
4f31e209e022bbda5d0246b3e5ab6c38,2024-07-17 20:28:01.294064+00:00
554b4a990f21efe6f39dfbec92d0f057,2024-07-17 20:28:01.294066+00:00
daecaf9eff0c713e71502259d983ee69,2024-07-17 20:28:01.294069+00:00
5a460d084470e30fa2ef883c10b34ad5,2024-07-17 20:28:01.294071+00:00
101d3ee2395bb1d1aca582263378d26a,2024-07-17 20:28:01.294074+00:00
6a8ceeefa2c42b104a67547efbe79c9d,2024-07-17 20:28:01.294077+00:00
248f5896d397dc08b3b3a28a3c3361f6,2024-07-17 20:28:01.294079+00:00
6953aa7895c6af344d03401184eaf8e4,2024-07-17 20:28:01.294082+00:00
1203cc3f3328867009eb7d59cf5e12f6,2024-07-17 20:28:01.294084+00:00
58464b55fde64f3c805bedd4ab5f6571,2024-07-17 20:28:01.294087+00:00
79bfd663e0be2a5171a183b3356ec9a3,2024-07-17 20:28:01.294089+00:00
e9c70e482f4fd9184a3fad51be54992c,2024-07-17 20:28:01.294091+00:00
12fe0da8cf48c75fb194e0d02e78e8b2,2024-07-17 20:28:01.294094+00:00
40a8e50752d27a50d1aed5747991505f,2024-07-17 20:28:01.294096+00:00
06cae2e6ba2b864254009a7112bf5449,2024-07-17 20:28:01.294098+00:00
a66eefd27314a3dbd4b207ed91628772,2024-07-17 20:28:01.294101+00:00
cc658daf205377fb870d72f7c9f2b59f,2024-07-17 20:28:01.294103+00:00
36b5cde3df91a145d823508f9b5c9c91,2024-07-17 20:28:01.294106+00:00
3af72c083ddb534a6fe310bc744b5809,2024-07-17 20:28:01.294108+00:00
9c42d4338e4e653d3ad3f12340edf005,2024-07-17 20:28:01.294111+00:00
c6dfc6b7c601ac2978357b7a81e2d7ae,2024-07-17 20:28:01.294113+00:00
e1c13a13fc6b87616b787b986f98a111,2024-07-17 20:28:01.294115+00:00
5ddfed3d0746748d8c4add3547a80ac5,2024-07-17 20:28:01.294118+00:00
e9f85782949743dcc42079e629332b5f,2024-07-17 20:28:01.294120+00:00
fe50ae64d08d4f8245aaabc55d1baf79,2024-07-17 20:28:01.294123+00:00
23f35020df135821bc9a1c51e3900047,2024-07-17 20:28:01.294125+00:00
5f7f02b7e4ade23430f345f954c938c1,2024-07-17 20:28:01.294128+00:00
872d5654103496154db06b95c14d6735,2024-07-17 20:28:01.294130+00:00
b803a9254688e259cde2ec0361c8abe4,2024-07-17 20:28:01.294132+00:00
ad2039e6ef9b35fe889db419691b472f,2024-07-17 20:28:01.294135+00:00
dc3f973a721454c7ca263f9b70bfd7a5,2024-07-17 20:28:01.294138+00:00
0174a6d48b2b6c3d8c1928c759583f40,2024-07-17 20:28:01.294140+00:00
ee0f34b734215fee701a993776c2fae4,2024-07-17 20:28:01.294143+00:00
ef126722e64e98d1c33933783e52eafc,2024-07-17 20:28:01.294145+00:00
9b3faf8981cc8780667e9fa12c5c4b28,2024-07-17 20:28:01.294147+00:00
9c9304f46197154416dce79e2fb2422a,2024-07-17 20:28:01.294152+00:00
01471e17e05d411f3a4095c8f12c5e22,2024-07-17 20:28:01.294154+00:00
9a568a2aa8c19a3155607f84137d92a8,2024-07-17 20:28:01.294156+00:00
9fe06b33ea459f011178ef3156ff09c7,2024-07-17 20:28:01.294159+00:00
36c681ecd65c3379a8b50cab742f4cf4,2024-07-17 20:28:01.294161+00:00
fbc08cbac224e9880b2600256f1c1455,2024-07-17 20:28:01.294164+00:00
0f65e949ea897df7d4a41e37319a8bb2,2024-07-17 20:28:01.294167+00:00
12f7312b4d9643975b72b9c5c032e2be,2024-07-17 20:28:01.294169+00:00
c40446528c95fdcde7153c301f78170f,2024-07-17 20:28:01.294172+00:00
306be5c84f4338ff865ca4793fb328f3,2024-07-17 20:28:01.294174+00:00
4abbc9afe929b93dc3ad9b93337d79a2,2024-07-17 20:28:01.294176+00:00
542db1350b540ed5fe414afa93fe45fb,2024-07-17 20:28:01.294179+00:00
891c97c0ef7bb88206fdd3b81b6d990f,2024-07-17 20:28:01.294181+00:00
c846afeb972dd0fcad60f3f6194ec0ae,2024-07-17 20:28:01.294184+00:00
96b4fe5485ce30e17ec085bfc3b6db85,2024-07-17 20:28:01.294186+00:00
ce4803f46af6cc63c81bde4fa8996638,2024-07-17 20:28:01.294188+00:00
c64350c9477e1ea35aa37a5a73d4e042,2024-07-17 20:28:01.294191+00:00
3ada268dec01dab0f6434c3ef50ec89f,2024-07-17 20:28:01.294193+00:00
4682ba60cfd9bdbc779fa633fa3218d5,2024-07-17 20:28:01.294196+00:00
3ce154e9fd3ffefc1646e6b18a35f0fa,2024-07-17 20:28:01.294198+00:00
aa1a0b81305f12fce0e4946825c8cc7e,2024-07-17 20:28:01.294200+00:00
d140b46b9030bd231b950b3e6cf02ee4,2024-07-17 20:28:01.294203+00:00
0178653660403a821a543d63efe814ba,2024-07-17 20:28:01.294206+00:00
91728cf7dae9380f099fa6bd25969680,2024-07-17 20:28:01.294208+00:00
f8af0bab23e8ab96d873acc7e40eec1f,2024-07-17 20:28:01.294211+00:00
99932f26d3cd5ee34eea395bef353677,2024-07-17 20:28:01.294213+00:00
dfadb3951b95acdd8571548ae4d6cf0d,2024-07-17 20:28:01.294215+00:00
229b98b8f89fc6c194aa8bdb0b4b8c55,2024-07-17 20:28:01.294218+00:00
8857f91319bfa23d6fa43b632b4e1163,2024-07-17 20:28:01.294220+00:00
88cc8890c7a0d462b0c6335788aa67f2,2024-07-17 20:28:01.294223+00:00
3e4b663e94e918f8f9fdf1ddef046564,2024-07-17 20:28:01.294225+00:00
95d8f6ff68222377d570a652eb96f082,2024-07-17 20:28:01.294227+00:00
bad65e96c2c6456a4f82970601d39714,2024-07-17 20:28:01.294230+00:00
c699a38d88e2499b4e47f02534c2a4d8,2024-07-17 20:28:01.294232+00:00
0608bbe8fc09e0880e7d866d513c7c53,2024-07-17 20:28:01.294235+00:00
e1f77a2c16cc54a43eb984f00fa27d14,2024-07-17 20:28:01.294237+00:00
f6968c3393df3384bc53ad58a7541f7e,2024-07-17 20:28:01.294239+00:00
68a822664a3ea25fc51ef70282d26185,2024-07-17 20:28:01.294242+00:00
678548c30395fff1e76b0bd142324331,2024-07-17 20:28:01.294244+00:00
c601882dfe37cf36a056d638e53ee66b,2024-07-17 20:28:01.294247+00:00
e2b59155b6c9e8753f967f42ea5a4d3e,2024-07-17 20:28:01.294249+00:00
2618c3e4c775f2c5f5f7d8058ff2b4c3,2024-07-17 20:28:01.294252+00:00
b8da1ad63c85d7d91338134ee7c6671a,2024-07-17 20:28:01.294254+00:00
905fb31e485e7f2fad5cba1f425d72e6,2024-07-17 20:28:01.294256+00:00
1b4ee40ffb4c7cf07b1d29cb65862410,2024-07-17 20:28:01.294259+00:00
e59bed9538a7a165e0d2a1c34335a4ab,2024-07-17 20:28:01.294261+00:00
526b2103e4390c4996db8c15102957fe,2024-07-17 20:28:01.294263+00:00
7c3349793d7221d1d89a6f9853009048,2024-07-17 20:28:01.294266+00:00
af6e15cfa6c456895fd802a9d29ead74,2024-07-17 20:28:01.294268+00:00
223c4a00879e567afdfea1fbadbba17c,2024-07-17 20:28:01.294270+00:00
36a6cb7962364107dbd2aeee06d11814,2024-07-17 20:28:01.294273+00:00
3cbb08ef13c03e747660912d52ca58aa,2024-07-17 20:28:01.294275+00:00
51c9e6f87ce2a2bdc6e2be26ee89e825,2024-07-17 20:28:01.294306+00:00
240771160420640663f944cc56c37018,2024-07-17 20:28:01.294309+00:00
56640a2494792805eaac82c499e97324,2024-07-17 20:28:01.294312+00:00
5e93e97910814feb7ea0902bad6182fb,2024-07-17 20:28:01.294315+00:00
ca4f76fc1601927e425f9487890361a6,2024-07-17 20:28:01.294317+00:00
e0354c78e2ed7d09be80f3781f7f1c8e,2024-07-17 20:28:01.294320+00:00
ba16fd41fab7b93931b2e628c6e62441,2024-07-17 20:28:01.294322+00:00
bceca960386ff1b9b627b4db3d12bf0e,2024-07-17 20:28:01.294325+00:00
b2a223f097589a3682d3221d102fc52e,2024-07-17 20:28:01.294327+00:00
4b0c6b58fb9b42eaace2cb27c73343db,2024-07-17 20:28:01.294329+00:00
468e5112d68b2cb7c9df93692fe5730f,2024-07-17 20:28:01.294332+00:00
05d157c6e2277aee356e685257ac5783,2024-07-17 20:28:01.294334+00:00
f49da115dc5989c5f09fec8435ad5a6f,2024-07-17 20:28:01.294337+00:00
bb0a5bb0d3b3dea53d7e8fc31721c480,2024-07-17 20:28:01.294339+00:00
5ffd53ae71eb2693352a7c03c3cfd93c,2024-07-17 20:28:01.294341+00:00
08b4e77837f61d38eaba93efda9397c0,2024-07-17 20:28:01.294344+00:00
ea0efe8ecbc569d1e8349f2625cb6af8,2024-07-17 20:28:01.294346+00:00
405c398f6df3955edf7f18f96b11cd41,2024-07-17 20:28:01.294349+00:00
197cec18dff201ab4d1966879423f50b,2024-07-17 20:28:01.294351+00:00
b7a8486459730bea9569414ef76cf03f,2024-07-17 20:28:01.294353+00:00
331609c975310d6486391e92a67c5492,2024-07-17 20:28:01.294356+00:00
eccd9f7dc92858b741132fda313130cf,2024-07-17 20:28:01.294358+00:00
9ef70c405ae012af86dfc0574ff4c01f,2024-07-17 20:28:01.294360+00:00
c974b58d1b0df79a20503c23e67cea69,2024-07-17 20:28:01.294363+00:00
ebc52c59616af7800f2beee546111646,2024-07-17 20:28:01.294365+00:00
5ef20b89bab8fed38253e98a12f26316,2024-07-17 20:28:01.294368+00:00
b27b449fd22d309d80ace80b9960f7d0,2024-07-17 20:28:01.294370+00:00
291dbc18539ba7e19b8abb7d85aa204e,2024-07-17 20:28:01.294372+00:00
93fb39474c51b8a82a68413e2a5ae17a,2024-07-17 20:28:01.294375+00:00
9efb1a59d7b58e69996cf0e32cb71098,2024-07-17 20:28:01.294377+00:00
9bd61ffe923a9953840d210e3b6111dd,2024-07-17 20:28:01.294379+00:00
2719d3088a5fe4ee5163a6486db4e179,2024-07-17 20:28:01.294382+00:00
b8043b9b976639acb17b035ab8963f18,2024-07-17 20:28:01.294384+00:00
813b6a28cc4ac72d244266161e3e2eb4,2024-07-17 20:28:01.294387+00:00
2e99b7de2efefc11e5f273f35e10e0c7,2024-07-17 20:28:01.294389+00:00
c1ba099b22d65b3903891b885dc686f9,2024-07-17 20:28:01.294391+00:00
cf55a3f1c3e9436d5febcd736ed7fc43,2024-07-17 20:28:01.294394+00:00
628f16b29939d1b060af49f66ae0f7f8,2024-07-17 20:28:01.294396+00:00
995ca733e3657ff9f5f3c823d73371e1,2024-07-17 20:28:01.294399+00:00
529ec1f7ea830a51f00dafb5b06cf091,2024-07-17 20:28:01.294401+00:00
689041c2baed0f6d91050495d632d6e0,2024-07-17 20:28:01.294403+00:00
0ae7b3a91ddd6335899134fbdf2587cb,2024-07-17 20:28:01.294406+00:00
6e334169a5325adca8aec592cd14edd9,2024-07-17 20:28:01.294408+00:00
c1c6fff1643a3af5bd167488ff19012d,2024-07-17 20:28:01.294411+00:00
e8219d4c93f6c55c6b10fe6bfe997c6c,2024-07-17 20:28:01.294413+00:00
aa0f9de3c3f38177051c3c8741dac037,2024-07-17 20:28:01.294415+00:00
7e51dc91e1459243933b9ac53a8c953f,2024-07-17 20:28:01.294418+00:00
ebd774c929a7f6c7e5df19e355f61e23,2024-07-17 20:28:01.294420+00:00
8dace006f34038186ff908851cb7f09c,2024-07-17 20:28:01.294423+00:00
8d12cf40aa0cf92405843c12a2d57f03,2024-07-17 20:28:01.294425+00:00
edfccb5cf44f7c2c385f8d4470117a0d,2024-07-17 20:28:01.294427+00:00
c7a19fe3198a7cdef110e52e5b455e36,2024-07-17 20:28:01.294430+00:00
72ab54f9b8c11fae5b923d7f854ef06a,2024-07-17 20:28:01.294432+00:00
1275f65e9bb3ef27470c3c3b817233ef,2024-07-17 20:28:01.294434+00:00
715e8ba46f8bc29c24f3fbfdb8d96d71,2024-07-17 20:28:01.294437+00:00
b14fba037d119d307e3b6ceb2a9fbb31,2024-07-17 20:28:01.294439+00:00
0a6fbee9b5f6092233b7921f39554a33,2024-07-17 20:28:01.294442+00:00
20337d9ceb6b6438f1195b399ed0a0e2,2024-07-17 20:28:01.294444+00:00
3f0c067fa4cac3618676ca163af548c4,2024-07-17 20:28:01.294446+00:00
af8a224ded8ec0eadd5d93a746de9d97,2024-07-17 20:28:01.294449+00:00
73dc680c73e6a18c296d5889e67b6b55,2024-07-17 20:28:01.294451+00:00
b02980b0db1585859d77d1f033e23f42,2024-07-17 20:28:01.294454+00:00
34c19f785e19b343fe2f54b3202f632c,2024-07-17 20:28:01.294456+00:00
331bd2a196c2bb4218eeb9546578dd20,2024-07-17 20:28:01.294458+00:00
fec16d1d594dae3de2fc1d8536896760,2024-07-17 20:28:01.294461+00:00
cb955adc83940992b9fdc8e5eabc9b80,2024-07-17 20:28:01.294463+00:00
8554f640c525098f93aa8ba5256ba5ac,2024-07-17 20:28:01.294466+00:00
ef154aea8a44ebae574d0371fb6233c3,2024-07-17 20:28:01.294468+00:00
caeed832ab664f42bc7ebe8a0ea0edc6,2024-07-17 20:28:01.294471+00:00
79ad6a5eae2eac1f159b0ea9b2d726c0,2024-07-17 20:28:01.294473+00:00
e2e1cbe72ab1192e395c35295763982a,2024-07-17 20:28:01.294475+00:00
8d618f48515500cd702cc305ee80acf1,2024-07-17 20:28:01.294478+00:00
3d8fe53b02cd5791092fcb7cad6d117c,2024-07-17 20:28:01.294480+00:00
7b951cd08a561a4284fe7ed5a8b79496,2024-07-17 20:28:01.294483+00:00
6587887c1a63f29633b23791ee81d739,2024-07-17 20:28:01.294485+00:00
9769c201b88f46a83dabfc1b9f97a033,2024-07-17 20:28:01.294487+00:00
a08fe31c3bd2c3b13889d5caf1f7ace8,2024-07-17 20:28:01.294490+00:00
ee8f5e56a73749d0b11d666c05695f16,2024-07-17 20:28:01.294493+00:00
1ae241081fe825621550691f56fe0963,2024-07-17 20:28:01.294495+00:00
00e9de08dddfe2521abb83e8fbc041c4,2024-07-17 20:28:01.294497+00:00
b68a713024cffc3a59c2936e3bc3f6e8,2024-07-17 20:28:01.294500+00:00
8cde262fa88618f09747e11735d0bc09,2024-07-17 20:28:01.294502+00:00
33fd393d90a52803bf43fa487413cf56,2024-07-17 20:28:01.294505+00:00
8ef93cebb16ab2421ec29798f32a31ff,2024-07-17 20:28:01.294507+00:00
10dec6809fdb7a4a91cec4261efeddfc,2024-07-17 20:28:01.294509+00:00
4b22a8375108a514ef8340e01c2e1af4,2024-07-17 20:28:01.294512+00:00
cd7030639eb40e5e694216bf29fd0d52,2024-07-17 20:28:01.294514+00:00
c66b42fcd7e375b493d04b7df19b06ff,2024-07-17 20:28:01.294516+00:00
f331614971dfec6c9c560629f1270dcb,2024-07-17 20:28:01.294519+00:00
9403726f748a529821f7df4779ea9578,2024-07-17 20:28:01.294521+00:00
0e36b18a4e7f6b741cd1b5787eb0c703,2024-07-17 20:28:01.294524+00:00
0406576f71bdf8cdb29942cd5c1548c7,2024-07-17 20:28:01.294526+00:00
293a5ccfc2323672557070cec38ff00f,2024-07-17 20:28:01.294529+00:00
eef6a11d6c02f4443cf9c5e91947536d,2024-07-17 20:28:01.294531+00:00
2dae9d2217d0a6f4280b0ffc7a69cf7e,2024-07-17 20:28:01.294534+00:00
2ec189dffa38b370a90ab64599937111,2024-07-17 20:28:01.294536+00:00
050cb9ed012553ba17b834300d37e4d6,2024-07-17 20:28:01.294538+00:00
121b4a4ad27e13bb351226eeb2eb3adb,2024-07-17 20:28:01.294541+00:00
24664885f97cee26dacdb223f35f76db,2024-07-17 20:28:01.294543+00:00
2f58d47971dd8f5f3527642085d58efd,2024-07-17 20:28:01.294546+00:00
8bf9e40efcdb369a498342e2bb0ae9f2,2024-07-17 20:28:01.294548+00:00
89abe9e791c909544e85a4a55f68ee9d,2024-07-17 20:28:01.294551+00:00
58531c85829c056175c3c27c7360e9fd,2024-07-17 20:28:01.294553+00:00
fb0ffdcee679b597fd010bdfbaca55bf,2024-07-17 20:28:01.294555+00:00
a79eb1040b0ea4b55f7f436d6a3d0444,2024-07-17 20:28:01.294558+00:00
5881fccfa15a85aaf86e7a196f12f5ad,2024-07-17 20:28:01.294560+00:00
0aff028f25c8fe99cfb354019e09ffb2,2024-07-17 20:28:01.294562+00:00
8d04d2b1fa2f17cb798054a944297d91,2024-07-17 20:28:01.294565+00:00
271117ee875c80c7e9e912c23b6469a4,2024-07-17 20:28:01.294567+00:00
70f44538106c52ad2a01ffba924792e2,2024-07-17 20:28:01.294570+00:00
8c6609017eb196817ebf7bb4af7e52b0,2024-07-17 20:28:01.294572+00:00
e0eda8d7f3e989da400a82781def8eac,2024-07-17 20:28:01.294575+00:00
823daea78d4603e9a8ccd4d1cb7b57ec,2024-07-17 20:28:01.294577+00:00
3990fefd135fe61aeea3fa3feed9faaa,2024-07-17 20:28:01.294579+00:00
a320d0ae50c7ab5860cc5e4e420b61f3,2024-07-17 20:28:01.294582+00:00
c66c332fe7b7aa1ee44ed34ba8a31ab2,2024-07-17 20:28:01.294584+00:00
cc7480c6c9ec68feeecfb06f99a87671,2024-07-17 20:28:01.294587+00:00
dd7c7a7355c7fa31bb876bd9fc3fffae,2024-07-17 20:28:01.294589+00:00
60b997fd68261ce70cadaf6c8226c042,2024-07-17 20:28:01.294596+00:00
e86ebab434ff5a7172440f41518a7455,2024-07-17 20:28:01.294598+00:00
d2b6d861d66fa14bb7cf8c6112d13e0d,2024-07-17 20:28:01.294601+00:00
d5c9087190e4d541da83e0739edeb60c,2024-07-17 20:28:01.294603+00:00
6b6fc5fd25aa13116ac6f9bbb1812fb8,2024-07-17 20:28:01.294619+00:00
18b8ea83d814103c4a8f379165ce9a62,2024-07-17 20:28:01.294622+00:00
fd5323cdf77a30f8ccc4f468be401563,2024-07-17 20:28:01.294624+00:00
ba307c1fd60c35533dcf424e1befabff,2024-07-17 20:28:01.294627+00:00
aea82aaedd0ca42cd2b356ae965efbb0,2024-07-17 20:28:01.294629+00:00
3393355454eebbeb6857ffa079e431ca,2024-07-17 20:28:01.294632+00:00
91a378e125753ad74b033e94c7b12706,2024-07-17 20:28:01.294634+00:00
907de5e1e92c840c8a4274967fb44650,2024-07-17 20:28:01.294637+00:00
861180853c3c32a9d29791a80a8f21ec,2024-07-17 20:28:01.294639+00:00
b769f92a201bb18dd58e514e7c2e8f05,2024-07-17 20:28:01.294642+00:00
fecbb2b0283f5e5452813021a81585c3,2024-07-17 20:28:01.294644+00:00
0c2bbe26550a66bdd0d4e74673f058aa,2024-07-17 20:28:01.294668+00:00
1854d53411f679b70028085267ceb762,2024-07-17 20:28:01.294671+00:00
3824ab9a06b2d12d1221c7f79bd17da5,2024-07-17 20:28:01.294674+00:00
06b21cad18b0960f8f72a5800c5ce811,2024-07-17 20:28:01.294676+00:00
07b4498a303789d2829445c725dae35a,2024-07-17 20:28:01.294679+00:00
8ac8ab5790be587836c18b1e2184bac0,2024-07-17 20:28:01.294681+00:00
90d048af68ca32e1bfb1d645e35ab644,2024-07-17 20:28:01.294684+00:00
9a8d909d7652448b2dc301613a123aab,2024-07-17 20:28:01.294686+00:00
4b59d913666682dd15f4516872e7f4ac,2024-07-17 20:28:01.294688+00:00
803a8c2d069729f26ac947b48f7fc776,2024-07-17 20:28:01.294691+00:00
97bed14a683cfd0065fd1a5613a1a205,2024-07-17 20:28:01.294693+00:00
af921d3f4ba622035a8eb3ec4cb87659,2024-07-17 20:28:01.294696+00:00
23a2e2fa1ae30cb90d42a7d53d1bf790,2024-07-17 20:28:01.294698+00:00
a17c8f64019807c6c53ea7fad557679b,2024-07-17 20:28:01.294701+00:00
0ec52f9ec87486dfa654d766eb6979f7,2024-07-17 20:28:01.294703+00:00
f4d4c95a4336cebe07df62e614f602f5,2024-07-17 20:28:01.294705+00:00
cf997fc1f9dcc27496e350d4d0f6a79f,2024-07-17 20:28:01.294708+00:00
6100b117ea6245ad3383b299ad5f7ee1,2024-07-17 20:28:01.294710+00:00
e74f0b8cc8a53963231216f649076da0,2024-07-17 20:28:01.294713+00:00
374cad868cb62202053d308252bc4040,2024-07-17 20:28:01.294715+00:00
b3caae6857cf5662d007d49b4ace0e05,2024-07-17 20:28:01.294717+00:00
69a2835d20b8290bc7984b8aa6538f89,2024-07-17 20:28:01.294720+00:00
7b6787a3d154cf018b2e9edf0786f276,2024-07-17 20:28:01.294722+00:00
a250c65c14391dd15c000484a2f49801,2024-07-17 20:28:01.294725+00:00
050718f543c7b2b6159a2f150fa6e93e,2024-07-17 20:28:01.294727+00:00
cd04376883393101e37451beec94d920,2024-07-17 20:28:01.294730+00:00
dc274708bba5df6e8b2d99932a71b1ff,2024-07-17 20:28:01.294732+00:00
0c8909417baf3b7a3c6bd945ec42af8e,2024-07-17 20:28:01.294735+00:00
ff66405dab3d52bb64fcda44b47921dd,2024-07-17 20:28:01.294737+00:00
7e9da216f3bfda8c024b94938291ebec,2024-07-17 20:28:01.294740+00:00
b60c86b130a3ef5f2f03ce2b032147d8,2024-07-17 20:28:01.294742+00:00
509ea0c1f4a210534eb004d35c10aa2d,2024-07-17 20:28:01.294744+00:00
4ecbb790f241666326d31f799eb85d1e,2024-07-17 20:28:01.294747+00:00
021de1d3005e39b3eab3f7591231696b,2024-07-17 20:28:01.294749+00:00
64d45f5bfcc9ca597b956a7e3a587dca,2024-07-17 20:28:01.294752+00:00
dd2cc2088b77d344f7b5ec13e6ff4922,2024-07-17 20:28:01.294754+00:00
20a8571b66205bd36a898172ae082c53,2024-07-17 20:28:01.294756+00:00
f512bcc142683f9185ea27c41855ed64,2024-07-17 20:28:01.294759+00:00
f9eca5038949eae460da07906408a092,2024-07-17 20:28:01.294761+00:00
7f5d04d189dfb634e6a85bb9d9adf21e,2024-07-17 20:28:01.294764+00:00
8a0e1141fd37fa5b98d5bb769ba1a7cc,2024-07-17 20:28:01.294766+00:00
61b4a64be663682e8cb037d9719ad8cd,2024-07-17 20:28:01.294768+00:00
b6edc1cd1f36e45daf6d7824d7bb2283,2024-07-17 20:28:01.294771+00:00
2823f4797102ce1a1aec05359cc16dd9,2024-07-17 20:28:01.294773+00:00
160c88652d47d0be60bfbfed25111412,2024-07-17 20:28:01.294776+00:00
c8fbbc86abe8bd6a5eb6a3b4d0411301,2024-07-17 20:28:01.294778+00:00
299fb2142d7de959380f91c01c3a293c,2024-07-17 20:28:01.294780+00:00
8c3039bd5842dca3d944faab91447818,2024-07-17 20:28:01.294783+00:00
7e9e346dc5fd268b49bf418523af8679,2024-07-17 20:28:01.294785+00:00
f31b20466ae89669f9741e047487eb37,2024-07-17 20:28:01.294788+00:00
dc5d637ed5e62c36ecb73b654b05ba2a,2024-07-17 20:28:01.294790+00:00
6e62a992c676f611616097dbea8ea030,2024-07-17 20:28:01.294792+00:00
5a1e3a5aede16d438c38862cac1a78db,2024-07-17 20:28:01.294795+00:00
ce6c92303f38d297e263c7180f03d402,2024-07-17 20:28:01.294797+00:00
ab8aa05e782481f55fc1412a97e7ac34,2024-07-17 20:28:01.294800+00:00
e3ca0449fa2ea7701a7ac53fb719c51a,2024-07-17 20:28:01.294802+00:00
dbbf603ff0e99629dda5d75b6f75f966,2024-07-17 20:28:01.294804+00:00
2e1b24a664f5e9c18f407b2f9c73e821,2024-07-17 20:28:01.294807+00:00
e2eacaff46787bfeefcaa24cf35264c7,2024-07-17 20:28:01.294809+00:00
83eaa6722798a773dd55e8fc7443aa09,2024-07-17 20:28:01.294812+00:00
5d8c6ee0d8964e66a3225458f981522d,2024-07-17 20:28:01.294814+00:00
9f810ebd27f4dbcf1ccc9302e5125f08,2024-07-17 20:28:01.294816+00:00
7edcfb2d8f6a659ef4cd1e6c9b6d7079,2024-07-17 20:28:01.294819+00:00
2056d8c1dec3d12cbce646b348d189d1,2024-07-17 20:28:01.294821+00:00
81e5f81db77c596492e6f1a5a792ed53,2024-07-17 20:28:01.294823+00:00
a3de03cb426b5e36f5c7167b21395323,2024-07-17 20:28:01.294826+00:00
4abe17a1c80cbdd2aa241b70840879de,2024-07-17 20:28:01.294829+00:00
5df07ecf4cea616e3eb384a9be3511bb,2024-07-17 20:28:01.294831+00:00
030e65da2b1c944090548d36b244b28d,2024-07-17 20:28:01.294833+00:00
07fc15c9d169ee48573edd749d25945d,2024-07-17 20:28:01.294836+00:00
4042483f5c2c4015e2a6abd47aa76b6f,2024-07-17 20:28:01.294838+00:00
263d532e4904460675006ad964948efa,2024-07-17 20:28:01.294840+00:00
6ffad86b9a8dd4a3e98df1b0830d1c8c,2024-07-17 20:28:01.294843+00:00
e720a515b9da87288d569caa68f42bc1,2024-07-17 20:28:01.294845+00:00
872488f88d1b2db54d55bc8bba2fad1b,2024-07-17 20:28:01.294848+00:00
c0f168ce8900fa56e57789e2a2f2c9d0,2024-07-17 20:28:01.294850+00:00
6e7b33fdea3adc80ebd648fffb665bb8,2024-07-17 20:28:01.294853+00:00
32b30a250abd6331e03a2a1f16466346,2024-07-17 20:28:01.294855+00:00
31839b036f63806cba3f47b93af8ccb5,2024-07-17 20:28:01.294857+00:00
fa3a3c407f82377f55c19c5d403335c7,2024-07-17 20:28:01.294860+00:00
ede7e2b6d13a41ddf9f4bdef84fdc737,2024-07-17 20:28:01.294862+00:00
8b6dd7db9af49e67306feb59a8bdc52c,2024-07-17 20:28:01.294865+00:00
4daa3db355ef2b0e64b472968cb70f0d,2024-07-17 20:28:01.294867+00:00
74bba22728b6185eec06286af6bec36d,2024-07-17 20:28:01.294869+00:00
e744f91c29ec99f0e662c9177946c627,2024-07-17 20:28:01.294872+00:00
2bcab9d935d219641434683dd9d18a03,2024-07-17 20:28:01.294874+00:00
2387337ba1e0b0249ba90f55b2ba2521,2024-07-17 20:28:01.294877+00:00
24146db4eb48c718b84cae0a0799dcfc,2024-07-17 20:28:01.294879+00:00
eddb904a6db773755d2857aacadb1cb0,2024-07-17 20:28:01.294881+00:00
5055cbf43fac3f7e2336b27310f0b9ef,2024-07-17 20:28:01.294884+00:00
4a08142c38dbe374195d41c04562d9f8,2024-07-17 20:28:01.294886+00:00
818f4654ed39a1c147d1e51a00ffb4cb,2024-07-17 20:28:01.294889+00:00
2cfd4560539f887a5e420412b370b361,2024-07-17 20:28:01.294891+00:00
e22312179bf43e61576081a2f250f845,2024-07-17 20:28:01.294893+00:00
1e1d184167ca7676cf665225e236a3d2,2024-07-17 20:28:01.294896+00:00
97af4fb322bb5c8973ade16764156bed,2024-07-17 20:28:01.294898+00:00
7501e5d4da87ac39d782741cd794002d,2024-07-17 20:28:01.294900+00:00
c4851e8e264415c4094e4e85b0baa7cc,2024-07-17 20:28:01.294903+00:00
2c89109d42178de8a367c0228f169bf8,2024-07-17 20:28:01.294906+00:00
838e8afb1ca34354ac209f53d90c3a43,2024-07-17 20:28:01.294908+00:00
2812e5cf6d8f21d69c91dddeefb792a7,2024-07-17 20:28:01.294910+00:00
9cb67ffb59554ab1dabb65bcb370ddd9,2024-07-17 20:28:01.294913+00:00
ee8374ec4e4ad797d42350c904d73077,2024-07-17 20:28:01.294915+00:00
83adc9225e4deb67d7ce42d58fe5157c,2024-07-17 20:28:01.294918+00:00
cf1f78fe923afe05f7597da2be7a3da8,2024-07-17 20:28:01.294920+00:00
215a71a12769b056c3c32e7299f1c5ed,2024-07-17 20:28:01.294922+00:00
186a157b2992e7daed3677ce8e9fe40f,2024-07-17 20:28:01.294925+00:00
a60937eba57758ed45b6d3e91e8659f3,2024-07-17 20:28:01.294927+00:00
30c8e1ca872524fbf7ea5c519ca397ee,2024-07-17 20:28:01.294930+00:00
fe70c36866add1572a8e2b96bfede7bf,2024-07-17 20:28:01.294932+00:00
86df7dcfd896fcaf2674f757a2463eba,2024-07-17 20:28:01.294934+00:00
1baff70e2669e8376347efd3a874a341,2024-07-17 20:28:01.294950+00:00
4dcf435435894a4d0972046fc566af76,2024-07-17 20:28:01.294953+00:00
647c722bf90a49140184672e0d3723e3,2024-07-17 20:28:01.294956+00:00
b59a51a3c0bf9c5228fde841714f523a,2024-07-17 20:28:01.294958+00:00
464d828b85b0bed98e80ade0a5c43b0f,2024-07-17 20:28:01.294961+00:00
8b5700012be65c9da25f49408d959ca0,2024-07-17 20:28:01.294963+00:00
25e2a30f44898b9f3e978b1786dcd85c,2024-07-17 20:28:01.294966+00:00
6a5dfac4be1502501489fc0f5a24b667,2024-07-17 20:28:01.294968+00:00
36d7534290610d9b7e9abed244dd2f28,2024-07-17 20:28:01.294971+00:00
ac5dab2e99eee9cf9ec672e383691302,2024-07-17 20:28:01.294973+00:00
596dedf4498e258e4bdc9fd70df9a859,2024-07-17 20:28:01.294975+00:00
59bcda7c438bad7d2afffe9e2fed00be,2024-07-17 20:28:01.294978+00:00
19de10adbaa1b2ee13f77f679fa1483a,2024-07-17 20:28:01.294980+00:00
1e913e1b06ead0b66e30b6867bf63549,2024-07-17 20:28:01.294983+00:00
8562ae5e286544710b2e7ebe9858833b,2024-07-17 20:28:01.294985+00:00
b3b4d2dbedc99fe843fd3dedb02f086f,2024-07-17 20:28:01.294987+00:00
3f088ebeda03513be71d34d214291986,2024-07-17 20:28:01.294990+00:00
d198bd736a97e7cecfdf8f4f2027ef80,2024-07-17 20:28:01.294992+00:00
1f4fe6a4411edc2ff625888b4093e917,2024-07-17 20:28:01.294995+00:00
6492d38d732122c58b44e3fdc3e9e9f3,2024-07-17 20:28:01.294997+00:00
23c97e9cb93576e45d2feaf00d0e8502,2024-07-17 20:28:01.294999+00:00
5d6646aad9bcc0be55b2c82f69750387,2024-07-17 20:28:01.295002+00:00
a381c2c35c9157f6b67fd07d5a200ae1,2024-07-17 20:28:01.295004+00:00
2596a54cdbb555cfd09cd5d991da0f55,2024-07-17 20:28:01.295007+00:00
1368ba1ab6ed38bb1f26f36673739d54,2024-07-17 20:28:01.295009+00:00
13111c20aee51aeb480ecbd988cd8cc9,2024-07-17 20:28:01.295012+00:00
6cd9313ed34ef58bad3fdd504355e72c,2024-07-17 20:28:01.295014+00:00
074177d3eb6371e32c16c55a3b8f706b,2024-07-17 20:28:01.295016+00:00
4ebd440d99504722d80de606ea8507da,2024-07-17 20:28:01.295019+00:00
ddeebdeefdb7e7e7a697e1c3e3d8ef54,2024-07-17 20:28:01.295021+00:00
6048ff4e8cb07aa60b6777b6f7384d52,2024-07-17 20:28:01.295024+00:00
3f998e713a6e02287c374fd26835d87e,2024-07-17 20:28:01.295026+00:00
55a988dfb00a914717b3000a3374694c,2024-07-17 20:28:01.295028+00:00
0747b9be4f90056c30eb5241f06bfe9b,2024-07-17 20:28:01.295031+00:00
9d28de8ff9bb6a3fa41fddfdc28f3bc1,2024-07-17 20:28:01.295033+00:00
2288f691b58edecadcc9a8691762b4fd,2024-07-17 20:28:01.295036+00:00
59eb5dd36914c29b299c84b7ddaf08ec,2024-07-17 20:28:01.295038+00:00
ef0917ea498b1665ad6c701057155abe,2024-07-17 20:28:01.295040+00:00
880610aa9f9de9ea7c545169c716f477,2024-07-17 20:28:01.295043+00:00
17f98ddf040204eda0af36a108cbdea4,2024-07-17 20:28:01.295045+00:00
f21e255f89e0f258accbe4e984eef486,2024-07-17 20:28:01.295048+00:00
e97c864e8ac67f7aed5ce53ec28638f5,2024-07-17 20:28:01.295050+00:00
35c5a2cb362c4d214156f930e7d13252,2024-07-17 20:28:01.295052+00:00
bf2fb7d1825a1df3ca308ad0bf48591e,2024-07-17 20:28:01.295055+00:00
85690f81aadc1749175c187784afc9ee,2024-07-17 20:28:01.295059+00:00
2ef35a8b78b572a47f56846acbeef5d3,2024-07-17 20:28:01.295062+00:00
3953630da28e5181cffca1278517e3cf,2024-07-17 20:28:01.295064+00:00
60ad83801910ec976590f69f638e0d6d,2024-07-17 20:28:01.295067+00:00
71887f62f073a78511cbac56f8cab53f,2024-07-17 20:28:01.295069+00:00
a4380923dd651c195b1631af7c829187,2024-07-17 20:28:01.295072+00:00
0cdf61037d7053ca59347ab230818335,2024-07-17 20:28:01.295074+00:00
a92c274b8be496fb05d95033552eeddd,2024-07-17 20:28:01.295076+00:00
9e6a921fbc428b5638b3986e365d4f21,2024-07-17 20:28:01.295079+00:00
a41b3bb3e6b050b6c9067c67f663b915,2024-07-17 20:28:01.295081+00:00
32b3ee0272954b956a7d1f86f76afa21,2024-07-17 20:28:01.295084+00:00
ce47be4abd80ac324c645fd57a27fc73,2024-07-17 20:28:01.295086+00:00
8d30aa96e72440759f74bd2306c1fa3d,2024-07-17 20:28:01.295088+00:00
721e7285b298cde5b3d0c973ed8d7b63,2024-07-17 20:28:01.295091+00:00
9bd5ee6fe55aaeb673025dbcb8f939c1,2024-07-17 20:28:01.295093+00:00
c12706a7c6e8d6476c3d2b6ae0042a82,2024-07-17 20:28:01.295096+00:00
88e1ce84f9feef5a08d0df0334c53468,2024-07-17 20:28:01.295098+00:00
8deb8d1dd92840f975b6931ab3a3c61e,2024-07-17 20:28:01.295100+00:00
645e6bfdd05d1a69c5e47b20f0a91d46,2024-07-17 20:28:01.295103+00:00
7371364b3d72ac9a3ed8638e6f0be2c9,2024-07-17 20:28:01.295105+00:00
98bd65207ee83bfd17ebb0db971eddf9,2024-07-17 20:28:01.295108+00:00
dda99de58ff020cfb57fec1404c97003,2024-07-17 20:28:01.295110+00:00
31ca0ca71184bbdb3de7b20a51e88e90,2024-07-17 20:28:01.295112+00:00
758be1f9f7a7efac938ed8bd97c0e1cb,2024-07-17 20:28:01.295115+00:00
86a1793f65aeef4aeef4b479fc9b2bca,2024-07-17 20:28:01.295117+00:00
cb953f6ca5923f7517125db46ed1293d,2024-07-17 20:28:01.295119+00:00
1b318124e37af6d74a03501474f44ea1,2024-07-17 20:28:01.295122+00:00
6dbd2699e8e7ec0047de2d5d1b28a75b,2024-07-17 20:28:01.295124+00:00
15e122e839dfdaa7ce969536f94aecf6,2024-07-17 20:28:01.295127+00:00
5a9d8bf5b7a4b35f3110dde8673bdda2,2024-07-17 20:28:01.295129+00:00
c5f5c23be1b71adb51ea9dc8e9d444a8,2024-07-17 20:28:01.295132+00:00
285a25c17f351708754cdb6d56f3962e,2024-07-17 20:28:01.295134+00:00
c9f06bc7b46d0247a91c8fc665c13d0e,2024-07-17 20:28:01.295137+00:00
3e77a14629775492504515dc4b23deda,2024-07-17 20:28:01.295139+00:00
69eba34671b3ef1ef38ee85caae6b2a1,2024-07-17 20:28:01.295142+00:00
5ee0070c40a7c781507b38c59c3eb8d4,2024-07-17 20:28:01.295144+00:00
fd4c2dc64ccb8496e6f1f94c85f30d06,2024-07-17 20:28:01.295147+00:00
398475c83b47075e8897a083e97eb9f0,2024-07-17 20:28:01.295149+00:00
acb5d1120b8a0b8d3d97905ba9a72dc4,2024-07-17 20:28:01.295151+00:00
39ea40e164f970c54b0530436d5a9f7a,2024-07-17 20:28:01.295154+00:00
b181eaa49f5924e16c772dcb718fcd0f,2024-07-17 20:28:01.295156+00:00
63ce12dcf1ede17589befd56bb5281a5,2024-07-17 20:28:01.295159+00:00
aaaccd2766ec67aecbe26459bb828d81,2024-07-17 20:28:01.295161+00:00
211a7a84d3d5ce4d80347da11e0c85ed,2024-07-17 20:28:01.295163+00:00
79cae1be0fbae74dafbf8399ee2209cb,2024-07-17 20:28:01.295166+00:00
201e5bacd665709851b77148e225b332,2024-07-17 20:28:01.295168+00:00
36072923bfc3cf47745d704feb489480,2024-07-17 20:28:01.295171+00:00
95323660ed2124450caaac2c46b5ed90,2024-07-17 20:28:01.295173+00:00
46d3f6029f6170ebccb28945964d09bf,2024-07-17 20:28:01.295175+00:00
9b2f00f37307f2c2f372acafe55843f3,2024-07-17 20:28:01.295178+00:00
63154d5661f774fb7d2d11701d466aa2,2024-07-17 20:28:01.295180+00:00
b85d65c39e12a5515c19fd72b6f48199,2024-07-17 20:28:01.295183+00:00
39539f630a3b94d3ed61ea9d04c9bb05,2024-07-17 20:28:01.295185+00:00
49cbb75927723efba3b4c108ed4a12f3,2024-07-17 20:28:01.295188+00:00
da4f21d00b1992e0b25f463b722dcc6a,2024-07-17 20:28:01.295190+00:00
a58616464d14208b2677a084f5d7456f,2024-07-17 20:28:01.295192+00:00
3ce83f544dbe69bb4fb19211fc442c2f,2024-07-17 20:28:01.295195+00:00
cb5f984421c93f1efb42b53a43f83c3a,2024-07-17 20:28:01.295197+00:00
621c090c3a61c6809130675a63897a0f,2024-07-17 20:28:01.295199+00:00
aec851e565646f6835e915293381e20a,2024-07-17 20:28:01.295202+00:00
fb4c48608ce8825b558ccf07169a3421,2024-07-17 20:28:01.295204+00:00
0f9cafd014db7a619ddb4276af0d692c,2024-07-17 20:28:01.295207+00:00
ec0f40c389aeef789ce03eb814facc6c,2024-07-17 20:28:01.295209+00:00
be93cca187e923aabc702667ba5f0d06,2024-07-17 20:28:01.295212+00:00
26ff6f4ca1cfca4861eb91876f706746,2024-07-17 20:28:01.295214+00:00
b837305e43f7e535a1506fc263eee3ed,2024-07-17 20:28:01.295217+00:00
e46bc064f8e92ac2c404b9871b2a4ef2,2024-07-17 20:28:01.295219+00:00
1558417b096b5d8e7cbe0183ea9cbf26,2024-07-17 20:28:01.295221+00:00
769ac34a4012ab69c069de0bab7d9e81,2024-07-17 20:28:01.295224+00:00
74d90aafda34e6060f9e8433962d14fd,2024-07-17 20:28:01.295226+00:00
41b0db49fd10d95920281dead0710f58,2024-07-17 20:28:01.295229+00:00
d6cf4da5ced8580c991e16fb54faa1b6,2024-07-17 20:28:01.295231+00:00
8cb94e7a9661ea20b1293c589216d396,2024-07-17 20:28:01.295234+00:00
3c7417b8df0daf23f39f445e740c7a43,2024-07-17 20:28:01.295236+00:00
9dee60d3205c5eda2a74f342f26bc6e0,2024-07-17 20:28:01.295239+00:00
83451e7ef8755c2a8f464093c808f529,2024-07-17 20:28:01.295241+00:00
3c8a49145944fed2bbcaade178a426c4,2024-07-17 20:28:01.295244+00:00
7f2be1b45d278ac18804b79207a24c53,2024-07-17 20:28:01.295246+00:00
61bdf049525b7d4c2cf79257ec7c2c56,2024-07-17 20:28:01.295260+00:00
f937c8fddbe66ab03c563f16d5cfa50c,2024-07-17 20:28:01.295263+00:00
d03a857a23b5285736c4d55e0bb067c8,2024-07-17 20:28:01.295266+00:00
5e51eeda0422de44a7cc260b4239d4f9,2024-07-17 20:28:01.295268+00:00
7d6548bdc0082aacc950ed35e91fcccb,2024-07-17 20:28:01.295271+00:00
bcfa8a783aaf938cdef361634d5f9289,2024-07-17 20:28:01.295273+00:00
0b24d8469d6c1277a4acb549d97b8a25,2024-07-17 20:28:01.295276+00:00
ddac1f6f13bb372a177804adcd3b8a31,2024-07-17 20:28:01.295278+00:00
3ac48664b7886cf4e4ab4aba7e6b6bc9,2024-07-17 20:28:01.295281+00:00
14f2ebeab937ca128186e7ba876faef9,2024-07-17 20:28:01.295283+00:00
a4814fbe4abdad91842ef1795dcd465b,2024-07-17 20:28:01.295286+00:00
9f9e8cba3700df6a947a8cf91035ab84,2024-07-17 20:28:01.295288+00:00
e4acb4c86de9d2d9a41364f93951028d,2024-07-17 20:28:01.295290+00:00
ba9fab001f67381e56e410575874d967,2024-07-17 20:28:01.295293+00:00
1068bceb19323fe72b2b344ccf85c254,2024-07-17 20:28:01.295295+00:00
fd1d83de2517a02d4e221ede9a681432,2024-07-17 20:28:01.295304+00:00
373e4c5d8edfa8b74fd4b6791d0cf6dc,2024-07-17 20:28:01.295307+00:00
de3f712d1a02c5fb481a7a99b0da7fa3,2024-07-17 20:28:01.295309+00:00
74249bfb363306265299ac4ec44d3cb6,2024-07-17 20:28:01.295312+00:00
0c6b6f19684ed9b6ff07575fcf81c98d,2024-07-17 20:28:01.295314+00:00
7aa685b3b1dc1d6780bf36f7340078c9,2024-07-17 20:28:01.295317+00:00
d5036c64412973d610202be8dce2b82a,2024-07-17 20:28:01.295321+00:00
