id,event_timestamp,user_id,event_name
2058298,2020-01-02 18:40:33.568000,f442d33fa06832082290ad8544a8da27,login
2058299,2020-01-02 18:46:28.086000,f442d33fa06832082290ad8544a8da27,login
2058314,2020-01-02 23:30:54.959000,f442d33fa06832082290ad8544a8da27,login
2058326,2020-01-06 01:49:14.948000,ae0eb3eed39d2bcef4622b2499a05fe6,2falogin
2058378,2020-01-06 23:50:34.938000,06a15eb1c3836723b53e4abca8d9b879,login_api
2058384,2020-01-07 02:05:51.841000,e70611883d2760c8bbafb4acb29e3446,2falogin
2058387,2020-01-07 02:21:54.554000,5487315b1286f907165907aa8fc96619,2falogin
2058396,2020-01-07 16:40:24.621000,26751be1181460baf78db8d5eb7aad39,login_api
2058418,2020-01-07 21:54:56.953000,cd0cbcc668fe4bc58e0af3cc7e0a653d,login_api
2058419,2020-01-07 21:54:57.073000,cd0cbcc668fe4bc58e0af3cc7e0a653d,email_verified
2058427,2020-01-07 21:56:44.490000,cd0cbcc668fe4bc58e0af3cc7e0a653d,level_change_up
2058430,2020-01-07 22:02:25.719000,cd0cbcc668fe4bc58e0af3cc7e0a653d,login_api
2058437,2020-01-07 22:43:34.472000,26751be1181460baf78db8d5eb7aad39,login
2058438,2020-01-07 22:43:34.992000,26751be1181460baf78db8d5eb7aad39,cookies_accepted
2058461,2020-01-07 22:47:52.675000,26751be1181460baf78db8d5eb7aad39,login_api
2058464,2020-01-07 22:50:47.670000,26751be1181460baf78db8d5eb7aad39,login_api
2058467,2020-01-07 22:51:57.722000,26751be1181460baf78db8d5eb7aad39,login_api
2058470,2020-01-07 22:53:18.195000,26751be1181460baf78db8d5eb7aad39,login_api
2058473,2020-01-07 23:22:16.750000,cd0cbcc668fe4bc58e0af3cc7e0a653d,level_change_up
2058479,2020-01-07 23:43:29.687000,cd0cbcc668fe4bc58e0af3cc7e0a653d,level_change_down
2058480,2020-01-07 23:44:40.149000,06a15eb1c3836723b53e4abca8d9b879,login_api
2058481,2020-01-07 23:46:39.683000,cd0cbcc668fe4bc58e0af3cc7e0a653d,level_change_up
2058490,2020-01-08 15:55:59.230000,26751be1181460baf78db8d5eb7aad39,login_api
2058493,2020-01-08 15:57:11.651000,26751be1181460baf78db8d5eb7aad39,login_api
2058495,2020-01-08 15:58:08.497000,26751be1181460baf78db8d5eb7aad39,login_api
2058497,2020-01-08 16:03:19.278000,26751be1181460baf78db8d5eb7aad39,login_api
2058499,2020-01-08 16:14:29.528000,26751be1181460baf78db8d5eb7aad39,login_api
2058501,2020-01-08 16:15:31.382000,26751be1181460baf78db8d5eb7aad39,login_api
2058510,2020-01-08 17:13:17.621000,cc7e2b878868cbae992d1fb743995d8f,login_api
2058511,2020-01-08 17:13:17.722000,cc7e2b878868cbae992d1fb743995d8f,email_verified
2058523,2020-01-08 18:29:50.355000,26751be1181460baf78db8d5eb7aad39,login_api
2058528,2020-01-08 19:06:14.735000,06a15eb1c3836723b53e4abca8d9b879,2falogin
2058533,2020-01-08 19:20:50.358000,96671501524948bc3937b4b30d0e57b9,login_api
2058534,2020-01-08 19:20:50.445000,96671501524948bc3937b4b30d0e57b9,email_verified
2058538,2020-01-08 19:22:27.718000,96671501524948bc3937b4b30d0e57b9,login_api
2058541,2020-01-08 19:44:53.635000,96671501524948bc3937b4b30d0e57b9,level_change_up
2058542,2020-01-08 19:56:37.743000,96671501524948bc3937b4b30d0e57b9,login_api
2058545,2020-01-08 21:25:13.493000,3948ead63a9f2944218de038d8934305,login_api
2058572,2020-01-08 22:10:28.530000,26751be1181460baf78db8d5eb7aad39,login_api
2058576,2020-01-08 23:19:46.935000,26751be1181460baf78db8d5eb7aad39,login_api
2058578,2020-01-08 23:28:54.452000,0f46c64b74a6c964c674853a89796c8e,login
2058579,2020-01-08 23:28:54.616000,0f46c64b74a6c964c674853a89796c8e,email_verified
2058582,2020-01-08 23:28:58.322000,0f46c64b74a6c964c674853a89796c8e,cookies_accepted
2058583,2020-01-08 23:31:22.744000,0f46c64b74a6c964c674853a89796c8e,login
2058604,2020-01-09 03:26:39.953000,ae0eb3eed39d2bcef4622b2499a05fe6,2falogin
2058606,2020-01-09 03:26:49.893000,ae0eb3eed39d2bcef4622b2499a05fe6,api_key_deleted
2058607,2020-01-09 03:27:04.745000,ae0eb3eed39d2bcef4622b2499a05fe6,api_key_created
2058609,2020-01-09 03:40:38.818000,ae0eb3eed39d2bcef4622b2499a05fe6,api_key_deleted
2058610,2020-01-09 03:40:49.038000,ae0eb3eed39d2bcef4622b2499a05fe6,api_key_created
2058652,2020-01-09 21:55:09.343000,229754d7799160502a143a72f6789927,login_api
2058653,2020-01-09 21:55:09.431000,229754d7799160502a143a72f6789927,email_verified
2058658,2020-01-09 21:56:31.040000,229754d7799160502a143a72f6789927,level_change_up
2058661,2020-01-09 22:29:08.846000,e70611883d2760c8bbafb4acb29e3446,2falogin
2058681,2020-01-10 16:41:13.413000,5487315b1286f907165907aa8fc96619,login_api
2058715,2020-01-10 21:04:47.932000,26751be1181460baf78db8d5eb7aad39,login_api
2058730,2020-01-10 23:00:07.354000,66e8ba8216a1e152d72653d99a4f03ab,2falogin
2058733,2020-01-10 23:29:46.029000,e70611883d2760c8bbafb4acb29e3446,level_change_down
2058734,2020-01-10 23:34:22.578000,e70611883d2760c8bbafb4acb29e3446,level_change_up
2058755,2020-01-11 04:14:13.518000,e70611883d2760c8bbafb4acb29e3446,2falogin
2058757,2020-01-11 22:52:56.687000,e70611883d2760c8bbafb4acb29e3446,2falogin
2058787,2020-01-13 20:56:03.959000,66e8ba8216a1e152d72653d99a4f03ab,2falogin
2058797,2020-01-13 21:43:37.804000,40b5f25a228570053bc64a043c3f1833,login
2058798,2020-01-13 21:43:38.010000,40b5f25a228570053bc64a043c3f1833,email_verified
2058818,2020-01-14 16:39:22.166000,b0b79da57b95837f14be95aaa4d54cf8,login_api
2058823,2020-01-14 16:43:40.693000,b0b79da57b95837f14be95aaa4d54cf8,level_change_up
2058827,2020-01-14 17:58:53.269000,e70611883d2760c8bbafb4acb29e3446,2falogin
2058852,2020-01-14 18:34:31.580000,ffedf5be3a86e2ee281d54cdc97bc1cf,login
2058853,2020-01-14 18:34:31.737000,ffedf5be3a86e2ee281d54cdc97bc1cf,email_verified
2058856,2020-01-14 18:34:36.110000,ffedf5be3a86e2ee281d54cdc97bc1cf,cookies_accepted
2058857,2020-01-14 18:37:00.814000,ffedf5be3a86e2ee281d54cdc97bc1cf,level_change_up
2058871,2020-01-14 19:00:06.640000,2d2ca7eedf739ef4c3800713ec482e1a,login_api
2058872,2020-01-14 19:00:06.717000,2d2ca7eedf739ef4c3800713ec482e1a,email_verified
2058903,2020-01-14 23:39:37.528000,26751be1181460baf78db8d5eb7aad39,login_api
2058999,2020-01-15 18:18:44.569000,26751be1181460baf78db8d5eb7aad39,login_api
2059007,2020-01-15 18:52:00.562000,40b5f25a228570053bc64a043c3f1833,login
2059030,2020-01-15 21:51:24.159000,06a15eb1c3836723b53e4abca8d9b879,login_api
2059067,2020-01-16 01:57:47.721000,ae0eb3eed39d2bcef4622b2499a05fe6,2fa_wrong
2059068,2020-01-16 01:58:01.593000,ae0eb3eed39d2bcef4622b2499a05fe6,2falogin
2059069,2020-01-16 01:58:50.306000,ae0eb3eed39d2bcef4622b2499a05fe6,2falogin
2059070,2020-01-16 01:59:36.693000,ae0eb3eed39d2bcef4622b2499a05fe6,2falogin
2059095,2020-01-16 19:02:52.442000,66e8ba8216a1e152d72653d99a4f03ab,2falogin
2059237,2020-01-17 17:19:37.448000,66e8ba8216a1e152d72653d99a4f03ab,2falogin
2059240,2020-01-17 17:47:48.551000,66e8ba8216a1e152d72653d99a4f03ab,2falogin
2059243,2020-01-17 18:07:40.306000,66e8ba8216a1e152d72653d99a4f03ab,2faoff
2059244,2020-01-17 18:09:31.635000,66e8ba8216a1e152d72653d99a4f03ab,2faon
2059292,2020-01-17 21:46:46.301000,ae0eb3eed39d2bcef4622b2499a05fe6,2falogin
2059293,2020-01-17 21:47:13.135000,ae0eb3eed39d2bcef4622b2499a05fe6,api_key_created
2059305,2020-01-17 22:02:08.139000,66e8ba8216a1e152d72653d99a4f03ab,2falogin
2059306,2020-01-17 22:08:22.094000,66e8ba8216a1e152d72653d99a4f03ab,level_change_down
2059315,2020-01-17 22:32:01.751000,66e8ba8216a1e152d72653d99a4f03ab,level_change_down
2059318,2020-01-17 22:52:52.756000,8edd72158ccd2a879f79cb2538568fdc,2falogin
2059327,2020-01-17 23:37:25.785000,ae0eb3eed39d2bcef4622b2499a05fe6,2falogin
2059359,2020-01-18 01:06:26.041000,ffedf5be3a86e2ee281d54cdc97bc1cf,login
2059367,2020-01-18 01:40:31.757000,ffedf5be3a86e2ee281d54cdc97bc1cf,login
2059370,2020-01-18 01:44:35.091000,ffedf5be3a86e2ee281d54cdc97bc1cf,login
2059374,2020-01-18 01:48:16.859000,ffedf5be3a86e2ee281d54cdc97bc1cf,login
2059376,2020-01-18 02:04:12.593000,ae0eb3eed39d2bcef4622b2499a05fe6,2falogin
2059379,2020-01-18 02:09:18.308000,ffedf5be3a86e2ee281d54cdc97bc1cf,login
2059382,2020-01-18 02:13:19.048000,ffedf5be3a86e2ee281d54cdc97bc1cf,login
2059385,2020-01-18 02:26:03.605000,ae0eb3eed39d2bcef4622b2499a05fe6,2fa_wrong
2059386,2020-01-18 02:26:12.751000,ae0eb3eed39d2bcef4622b2499a05fe6,2falogin
2059393,2020-01-18 03:31:43.461000,ae0eb3eed39d2bcef4622b2499a05fe6,2falogin
2059394,2020-01-18 03:32:05.198000,ae0eb3eed39d2bcef4622b2499a05fe6,api_key_created
2059397,2020-01-18 05:35:56.429000,ffedf5be3a86e2ee281d54cdc97bc1cf,login
2059399,2020-01-18 05:42:56.187000,ffedf5be3a86e2ee281d54cdc97bc1cf,login
2059402,2020-01-18 05:55:21.873000,ffedf5be3a86e2ee281d54cdc97bc1cf,login
2059404,2020-01-18 06:01:42.177000,ffedf5be3a86e2ee281d54cdc97bc1cf,login
2059406,2020-01-18 06:16:37.227000,ffedf5be3a86e2ee281d54cdc97bc1cf,login
2059408,2020-01-18 06:19:16.339000,ffedf5be3a86e2ee281d54cdc97bc1cf,login
2059411,2020-01-18 06:22:36.628000,ffedf5be3a86e2ee281d54cdc97bc1cf,login
2059415,2020-01-18 06:28:34.062000,ffedf5be3a86e2ee281d54cdc97bc1cf,login
2059423,2020-01-18 07:12:30.934000,ffedf5be3a86e2ee281d54cdc97bc1cf,login
2059428,2020-01-18 15:43:54.245000,ffedf5be3a86e2ee281d54cdc97bc1cf,login
2059436,2020-01-18 16:45:59.599000,46072631582fc240dd2674a7d063b040,login
2059441,2020-01-18 16:49:00.257000,46072631582fc240dd2674a7d063b040,login
2059446,2020-01-18 17:01:04.517000,46072631582fc240dd2674a7d063b040,cookies_accepted
2059451,2020-01-18 19:33:38.338000,ffedf5be3a86e2ee281d54cdc97bc1cf,login
2059456,2020-01-18 20:25:19.007000,35936504a37d53e03abdfbc7318d9ec7,login_api
2059457,2020-01-18 20:25:19.142000,35936504a37d53e03abdfbc7318d9ec7,email_verified
2059462,2020-01-18 20:27:19.856000,35936504a37d53e03abdfbc7318d9ec7,level_change_up
2059466,2020-01-18 20:30:50.844000,35936504a37d53e03abdfbc7318d9ec7,login_api
2059476,2020-01-18 21:13:01.873000,35936504a37d53e03abdfbc7318d9ec7,level_change_up
2059496,2020-01-18 21:29:57.764000,ffedf5be3a86e2ee281d54cdc97bc1cf,login
2059516,2020-01-18 21:48:33.747000,2321994d85d661d792223f647000c65f,login_api
2059517,2020-01-18 21:48:33.882000,2321994d85d661d792223f647000c65f,email_verified
2059522,2020-01-18 22:59:16.707000,229754d7799160502a143a72f6789927,login_api
2059525,2020-01-18 23:08:20.006000,2321994d85d661d792223f647000c65f,level_change_up
2059527,2020-01-18 23:16:34.464000,7cc532d783a7461f227a5da8ea80bfe1,login
2059528,2020-01-18 23:16:34.642000,7cc532d783a7461f227a5da8ea80bfe1,email_verified
2059531,2020-01-18 23:23:36.642000,7cc532d783a7461f227a5da8ea80bfe1,cookies_accepted
2059533,2020-01-19 03:02:35.242000,ae0eb3eed39d2bcef4622b2499a05fe6,2falogin
2059535,2020-01-19 03:31:09.618000,f52854cc99ae1c1966b0a21d0127975b,login
2059536,2020-01-19 03:31:09.772000,f52854cc99ae1c1966b0a21d0127975b,email_verified
2059546,2020-01-19 18:27:58.517000,ae0eb3eed39d2bcef4622b2499a05fe6,2fa_wrong
2059547,2020-01-19 18:28:07.696000,ae0eb3eed39d2bcef4622b2499a05fe6,2falogin
2059576,2020-01-20 22:44:42.175000,e70611883d2760c8bbafb4acb29e3446,2falogin
2059579,2020-01-20 23:01:13.687000,26751be1181460baf78db8d5eb7aad39,login_api
2059659,2020-01-21 00:53:11.616000,66e8ba8216a1e152d72653d99a4f03ab,2falogin
2059662,2020-01-21 00:54:55.844000,66e8ba8216a1e152d72653d99a4f03ab,level_change_down
2059665,2020-01-21 03:01:10.052000,66e8ba8216a1e152d72653d99a4f03ab,2falogin
2059689,2020-01-21 17:27:50.955000,26751be1181460baf78db8d5eb7aad39,login_api
2059694,2020-01-21 17:51:51.783000,3948ead63a9f2944218de038d8934305,login_api
2059698,2020-01-21 22:33:50.973000,66e8ba8216a1e152d72653d99a4f03ab,2falogin
2059701,2020-01-21 22:51:58.375000,e70611883d2760c8bbafb4acb29e3446,2falogin
2059712,2020-01-21 23:24:06.684000,404dcc91b2aeaa7caa47487d1483e48a,2falogin
2059715,2020-01-21 23:24:45.682000,404dcc91b2aeaa7caa47487d1483e48a,2falogin
2059717,2020-01-21 23:27:17.302000,ffedf5be3a86e2ee281d54cdc97bc1cf,login
2059720,2020-01-21 23:30:17.450000,66e8ba8216a1e152d72653d99a4f03ab,2falogin
2059750,2020-01-22 17:26:35.532000,b0b79da57b95837f14be95aaa4d54cf8,login
2059752,2020-01-22 17:26:36.709000,b0b79da57b95837f14be95aaa4d54cf8,cookies_accepted
2059762,2020-01-22 18:49:03.501000,26751be1181460baf78db8d5eb7aad39,login_api
2059766,2020-01-22 18:59:25.615000,66e8ba8216a1e152d72653d99a4f03ab,2falogin
2059769,2020-01-22 19:32:48.919000,d20be76a86c0d71c75035fced631f874,login_api
2059770,2020-01-22 19:32:49.033000,d20be76a86c0d71c75035fced631f874,email_verified
2059800,2020-01-22 20:42:29.846000,26751be1181460baf78db8d5eb7aad39,login_api
2059806,2020-01-22 22:17:28.782000,d20be76a86c0d71c75035fced631f874,level_change_down
2059807,2020-01-22 22:18:17.310000,d20be76a86c0d71c75035fced631f874,level_change_down
2059823,2020-01-23 00:01:10.288000,d20be76a86c0d71c75035fced631f874,level_change_down
2059826,2020-01-23 00:12:48.981000,d20be76a86c0d71c75035fced631f874,level_change_down
2059845,2020-01-23 21:20:43.541000,5487315b1286f907165907aa8fc96619,2fa_wrong
2059846,2020-01-23 21:20:48.496000,5487315b1286f907165907aa8fc96619,2falogin
2059852,2020-01-23 23:16:20.749000,66e8ba8216a1e152d72653d99a4f03ab,2falogin
2059858,2020-01-24 00:03:15.732000,d20be76a86c0d71c75035fced631f874,level_change_down
2059859,2020-01-24 00:05:11.828000,d20be76a86c0d71c75035fced631f874,level_change_down
2059860,2020-01-24 00:14:17.383000,d20be76a86c0d71c75035fced631f874,level_change_down
2059861,2020-01-24 00:14:18.095000,66e8ba8216a1e152d72653d99a4f03ab,level_change_down
2059862,2020-01-24 00:31:53.233000,d20be76a86c0d71c75035fced631f874,level_change_down
2059872,2020-01-24 00:40:10.449000,d20be76a86c0d71c75035fced631f874,level_change_down
2059874,2020-01-24 16:19:35.399000,26751be1181460baf78db8d5eb7aad39,login_api
2059881,2020-01-24 16:33:57.838000,26751be1181460baf78db8d5eb7aad39,login_api
2059883,2020-01-24 17:01:01.878000,26751be1181460baf78db8d5eb7aad39,login_api
2059892,2020-01-24 17:42:22.528000,ffedf5be3a86e2ee281d54cdc97bc1cf,level_change_down
2059896,2020-01-24 18:18:50.668000,ffedf5be3a86e2ee281d54cdc97bc1cf,login
2059898,2020-01-24 18:38:11.054000,8aec51422b30d61bce078b27f0babeb1,login_api
2059899,2020-01-24 18:38:11.176000,8aec51422b30d61bce078b27f0babeb1,email_verified
2059911,2020-01-24 19:25:02.446000,8aec51422b30d61bce078b27f0babeb1,level_change_down
2059915,2020-01-24 19:25:33.242000,ffedf5be3a86e2ee281d54cdc97bc1cf,login
2059917,2020-01-24 19:25:41.674000,8aec51422b30d61bce078b27f0babeb1,level_change_down
2059922,2020-01-24 19:26:41.353000,ffedf5be3a86e2ee281d54cdc97bc1cf,login
2059929,2020-01-24 19:28:14.670000,ffedf5be3a86e2ee281d54cdc97bc1cf,login
2059934,2020-01-24 19:52:13.700000,26751be1181460baf78db8d5eb7aad39,login_api
2059954,2020-01-24 21:26:21.954000,46072631582fc240dd2674a7d063b040,login
2059955,2020-01-24 21:28:16.912000,46072631582fc240dd2674a7d063b040,login
2059956,2020-01-24 21:29:15.342000,46072631582fc240dd2674a7d063b040,login
2059957,2020-01-24 21:31:03.181000,46072631582fc240dd2674a7d063b040,login
2059958,2020-01-24 22:04:04.894000,46072631582fc240dd2674a7d063b040,login
2059986,2020-01-27 18:07:47.393000,26751be1181460baf78db8d5eb7aad39,login_api
2059999,2020-01-27 18:21:50.616000,46072631582fc240dd2674a7d063b040,login
2060021,2020-01-27 20:10:50.902000,5487315b1286f907165907aa8fc96619,2falogin
2060125,2020-01-28 23:50:06.616000,123b7f02433572a0a560e620311a469c,login
2060126,2020-01-28 23:50:06.737000,123b7f02433572a0a560e620311a469c,email_verified
2060129,2020-01-28 23:50:11.149000,123b7f02433572a0a560e620311a469c,cookies_accepted
2060133,2020-01-28 23:54:40.281000,123b7f02433572a0a560e620311a469c,level_change_up
2060135,2020-01-29 00:02:09.786000,123b7f02433572a0a560e620311a469c,level_change_up
2060143,2020-01-29 00:11:07.919000,269d837afada308dd4aeab28ca2d57e4,login
2060144,2020-01-29 00:11:08.036000,269d837afada308dd4aeab28ca2d57e4,email_verified
2060147,2020-01-29 00:11:11.436000,269d837afada308dd4aeab28ca2d57e4,cookies_accepted
2060148,2020-01-29 00:11:39.980000,5487315b1286f907165907aa8fc96619,2falogin
2060150,2020-01-29 00:16:02.688000,123b7f02433572a0a560e620311a469c,level_change_up
2060156,2020-01-29 18:53:27.350000,26751be1181460baf78db8d5eb7aad39,login_api
2060218,2020-01-30 02:03:17.079000,e70611883d2760c8bbafb4acb29e3446,2falogin
2060225,2020-01-30 02:05:40.970000,e70611883d2760c8bbafb4acb29e3446,level_change_down
2060228,2020-01-30 02:07:02.342000,e70611883d2760c8bbafb4acb29e3446,level_change_up
2060230,2020-01-30 02:07:29.337000,e70611883d2760c8bbafb4acb29e3446,level_change_down
2060232,2020-01-30 16:38:08.100000,e70611883d2760c8bbafb4acb29e3446,level_change_up
2060236,2020-01-30 17:40:58.153000,ea159dc9788ffac311592613b7f71fbb,login
2060237,2020-01-30 17:40:58.263000,ea159dc9788ffac311592613b7f71fbb,email_verified
2060240,2020-01-30 17:41:06.300000,ea159dc9788ffac311592613b7f71fbb,cookies_accepted
2060245,2020-01-30 17:51:40.553000,ea159dc9788ffac311592613b7f71fbb,level_change_up
2060247,2020-01-30 17:52:23.523000,ea159dc9788ffac311592613b7f71fbb,2faon
2060249,2020-01-30 17:53:48.324000,ea159dc9788ffac311592613b7f71fbb,2falogin
2060255,2020-01-31 02:10:48.251000,46072631582fc240dd2674a7d063b040,login
2060258,2020-01-31 02:25:22.290000,46072631582fc240dd2674a7d063b040,level_change_up
2060263,2020-01-31 02:51:08.865000,46072631582fc240dd2674a7d063b040,login
2060276,2020-02-01 01:30:30.888000,e70611883d2760c8bbafb4acb29e3446,2falogin
2060279,2020-02-04 16:52:04.467000,ea159dc9788ffac311592613b7f71fbb,2falogin
2060280,2020-02-04 17:20:26.009000,26751be1181460baf78db8d5eb7aad39,login_api
2060311,2020-02-05 14:13:50.455000,99f59c0842e83c808dd1813b48a37c6a,login
2060312,2020-02-05 14:13:50.611000,99f59c0842e83c808dd1813b48a37c6a,email_verified
2060315,2020-02-05 14:13:58.742000,99f59c0842e83c808dd1813b48a37c6a,cookies_accepted
2060336,2020-02-05 19:42:59.209000,eb1e78328c46506b46a4ac4a1e378b91,login_api
2060339,2020-02-05 20:46:38.034000,eb1e78328c46506b46a4ac4a1e378b91,login_api
2060342,2020-02-05 21:35:07.705000,5487315b1286f907165907aa8fc96619,login_api
2060352,2020-02-05 21:41:55.144000,d04863f100d59b3eb688a11f95b0ae60,login_api
2060353,2020-02-05 21:41:55.221000,d04863f100d59b3eb688a11f95b0ae60,email_verified
2060356,2020-02-05 21:42:42.733000,ffedf5be3a86e2ee281d54cdc97bc1cf,login
2060361,2020-02-05 21:44:10.212000,ffedf5be3a86e2ee281d54cdc97bc1cf,login
2060362,2020-02-05 22:56:32.628000,66e8ba8216a1e152d72653d99a4f03ab,2falogin
2060371,2020-02-06 02:01:47.857000,99f59c0842e83c808dd1813b48a37c6a,login
2060419,2020-02-06 22:41:52.988000,26751be1181460baf78db8d5eb7aad39,login_api
2060420,2020-02-06 22:46:43.195000,26751be1181460baf78db8d5eb7aad39,login_api
2060427,2020-02-06 23:50:39.764000,e70611883d2760c8bbafb4acb29e3446,2falogin
2060452,2020-02-07 02:30:47.974000,229754d7799160502a143a72f6789927,login_api
2060455,2020-02-07 02:41:03.218000,229754d7799160502a143a72f6789927,login_api
2060505,2020-02-07 12:33:55.959000,26751be1181460baf78db8d5eb7aad39,login_api
2060507,2020-02-07 13:01:39.430000,26751be1181460baf78db8d5eb7aad39,login_api
2060511,2020-02-07 15:36:15.197000,dcf6070a4ab7f3afbfd2809173e0824b,login_api
2060512,2020-02-07 15:36:15.304000,dcf6070a4ab7f3afbfd2809173e0824b,email_verified
2060517,2020-02-07 16:45:31.878000,26751be1181460baf78db8d5eb7aad39,login_api
2060522,2020-02-07 16:49:25.876000,26751be1181460baf78db8d5eb7aad39,login_api
2060524,2020-02-07 16:49:59.692000,26751be1181460baf78db8d5eb7aad39,login_api
2060525,2020-02-07 16:50:10.530000,4a2ddf148c5a9c42151a529e8cbdcc06,account_suspended
2060528,2020-02-07 16:51:53.949000,26751be1181460baf78db8d5eb7aad39,login_api
2060529,2020-02-07 16:52:02.306000,26751be1181460baf78db8d5eb7aad39,account_suspended
2060532,2020-02-07 17:09:14.105000,878d5691c824ee2aaf770f7d36c151d6,login
2060533,2020-02-07 17:09:14.271000,878d5691c824ee2aaf770f7d36c151d6,email_verified
2060538,2020-02-07 17:11:21.482000,878d5691c824ee2aaf770f7d36c151d6,level_change_up
2060539,2020-02-07 17:12:52.319000,878d5691c824ee2aaf770f7d36c151d6,cookies_accepted
2060551,2020-02-07 17:53:04.464000,ea159dc9788ffac311592613b7f71fbb,2falogin
2060552,2020-02-07 18:42:10.993000,ea159dc9788ffac311592613b7f71fbb,2falogin
2060592,2020-02-07 19:46:21.384000,bc7f621451b4f5df308a8e098112185d,login
2060593,2020-02-07 19:46:21.524000,bc7f621451b4f5df308a8e098112185d,email_verified
2060597,2020-02-07 19:46:36.698000,bc7f621451b4f5df308a8e098112185d,cookies_accepted
2060598,2020-02-07 19:47:15.640000,bc7f621451b4f5df308a8e098112185d,2faon
2060600,2020-02-07 19:48:01.426000,bc7f621451b4f5df308a8e098112185d,2falogin
2060601,2020-02-07 19:48:55.218000,bc7f621451b4f5df308a8e098112185d,2falogin
2060602,2020-02-07 19:49:49.052000,5487315b1286f907165907aa8fc96619,2fa_wrong
2060603,2020-02-07 19:49:59.376000,5487315b1286f907165907aa8fc96619,2falogin
2060606,2020-02-07 19:55:59.393000,bc7f621451b4f5df308a8e098112185d,level_change_up
2060613,2020-02-07 21:15:37.223000,26751be1181460baf78db8d5eb7aad39,login_api
2060614,2020-02-07 21:15:45.183000,26751be1181460baf78db8d5eb7aad39,account_suspended
2060617,2020-02-07 21:25:14.210000,26751be1181460baf78db8d5eb7aad39,login_api
2060618,2020-02-07 21:25:21.653000,26751be1181460baf78db8d5eb7aad39,account_suspended
2060620,2020-02-07 21:28:33.948000,26751be1181460baf78db8d5eb7aad39,login_api
2060621,2020-02-07 21:28:45.419000,26751be1181460baf78db8d5eb7aad39,account_suspended
2060629,2020-02-07 21:34:32.690000,26751be1181460baf78db8d5eb7aad39,login_api
2060630,2020-02-07 21:40:33.004000,26751be1181460baf78db8d5eb7aad39,login_api
2060640,2020-02-07 22:16:02.574000,26751be1181460baf78db8d5eb7aad39,login_api
2060657,2020-02-08 15:32:08.877000,06a15eb1c3836723b53e4abca8d9b879,login_api
2060688,2020-02-10 15:25:36.820000,26751be1181460baf78db8d5eb7aad39,login_api
2060692,2020-02-10 15:27:02.759000,26751be1181460baf78db8d5eb7aad39,account_suspended
2060694,2020-02-10 15:39:22.208000,26751be1181460baf78db8d5eb7aad39,login
2060713,2020-02-10 15:46:19.063000,26751be1181460baf78db8d5eb7aad39,login_api
2060715,2020-02-10 15:50:48.704000,26751be1181460baf78db8d5eb7aad39,login_api
2060718,2020-02-10 17:18:08.974000,404dcc91b2aeaa7caa47487d1483e48a,2falogin
2060732,2020-02-10 18:56:49.101000,ffedf5be3a86e2ee281d54cdc97bc1cf,login
2060736,2020-02-10 19:00:23.932000,ffedf5be3a86e2ee281d54cdc97bc1cf,login
2060745,2020-02-10 19:57:22.080000,66e8ba8216a1e152d72653d99a4f03ab,2falogin
2060759,2020-02-10 20:47:27.266000,06a15eb1c3836723b53e4abca8d9b879,login_api
2060772,2020-02-10 21:56:06.037000,8208974663db80265e9bfe7b222dcb18,login
2060773,2020-02-10 21:56:06.186000,8208974663db80265e9bfe7b222dcb18,email_verified
2060797,2020-02-11 18:16:22.209000,66e8ba8216a1e152d72653d99a4f03ab,2falogin
2060799,2020-02-11 18:36:28.055000,66e8ba8216a1e152d72653d99a4f03ab,2falogin
2060810,2020-02-11 19:18:56.394000,ffedf5be3a86e2ee281d54cdc97bc1cf,login
2060815,2020-02-11 20:42:05.228000,66e8ba8216a1e152d72653d99a4f03ab,2falogin
2060840,2020-02-11 21:29:55.447000,ffedf5be3a86e2ee281d54cdc97bc1cf,login
2060845,2020-02-11 21:31:15.554000,ffedf5be3a86e2ee281d54cdc97bc1cf,login
2060848,2020-02-11 21:33:19.935000,ffedf5be3a86e2ee281d54cdc97bc1cf,login
2060855,2020-02-11 22:23:07.827000,e70611883d2760c8bbafb4acb29e3446,2falogin
2060877,2020-02-11 23:05:16.806000,ffedf5be3a86e2ee281d54cdc97bc1cf,login
2060880,2020-02-11 23:10:35.143000,ffedf5be3a86e2ee281d54cdc97bc1cf,login
2060883,2020-02-11 23:16:55.020000,ffedf5be3a86e2ee281d54cdc97bc1cf,login
2060897,2020-02-11 23:37:58.610000,ffedf5be3a86e2ee281d54cdc97bc1cf,login
2060900,2020-02-11 23:44:07.513000,ffedf5be3a86e2ee281d54cdc97bc1cf,login
2060929,2020-02-12 00:54:14.573000,ffedf5be3a86e2ee281d54cdc97bc1cf,login
2060932,2020-02-12 00:55:35.431000,ffedf5be3a86e2ee281d54cdc97bc1cf,login
2060943,2020-02-12 10:45:35.657000,ffedf5be3a86e2ee281d54cdc97bc1cf,login
2060948,2020-02-12 10:48:22.503000,ffedf5be3a86e2ee281d54cdc97bc1cf,login
2060951,2020-02-12 10:53:59.426000,ffedf5be3a86e2ee281d54cdc97bc1cf,login
2060956,2020-02-12 10:58:27.216000,ffedf5be3a86e2ee281d54cdc97bc1cf,login
2060961,2020-02-12 11:08:12.460000,ffedf5be3a86e2ee281d54cdc97bc1cf,login
2060971,2020-02-12 12:29:35.567000,ffedf5be3a86e2ee281d54cdc97bc1cf,login
2060975,2020-02-12 12:30:18.286000,ffedf5be3a86e2ee281d54cdc97bc1cf,login
2060980,2020-02-12 12:31:48.794000,ffedf5be3a86e2ee281d54cdc97bc1cf,login
2060986,2020-02-12 12:33:42.733000,ffedf5be3a86e2ee281d54cdc97bc1cf,login
2060989,2020-02-12 12:38:01.131000,ffedf5be3a86e2ee281d54cdc97bc1cf,login
2060992,2020-02-12 12:38:59.215000,ffedf5be3a86e2ee281d54cdc97bc1cf,login
2060995,2020-02-12 12:43:56.744000,ffedf5be3a86e2ee281d54cdc97bc1cf,login
2060999,2020-02-12 12:52:59.368000,ffedf5be3a86e2ee281d54cdc97bc1cf,login
2061002,2020-02-12 12:58:54.951000,ffedf5be3a86e2ee281d54cdc97bc1cf,login
2061005,2020-02-12 12:59:26.647000,ffedf5be3a86e2ee281d54cdc97bc1cf,login
2061008,2020-02-12 12:59:59.091000,ffedf5be3a86e2ee281d54cdc97bc1cf,login
2061013,2020-02-12 16:58:27.686000,b3f61131b6eceeb2b14835fa648a48ff,login_api
2061014,2020-02-12 16:58:27.807000,b3f61131b6eceeb2b14835fa648a48ff,email_verified
2061033,2020-02-12 22:34:33.585000,5249ee8e0cff02ad6b4cc0ee0e50b7d1,login
2061036,2020-02-13 00:00:29.415000,5249ee8e0cff02ad6b4cc0ee0e50b7d1,login
2061046,2020-02-13 19:35:17.989000,2b3bf3eee2475e03885a110e9acaab61,2falogin
2061067,2020-02-13 22:38:04.846000,5249ee8e0cff02ad6b4cc0ee0e50b7d1,login
2061071,2020-02-14 04:43:30.324000,ffedf5be3a86e2ee281d54cdc97bc1cf,login
2061101,2020-02-14 19:12:33.365000,3948ead63a9f2944218de038d8934305,login
2061112,2020-02-14 19:39:30.551000,3948ead63a9f2944218de038d8934305,cookies_accepted
2061152,2020-02-17 16:34:08.549000,26751be1181460baf78db8d5eb7aad39,login_api
2061182,2020-02-17 17:59:08.541000,06a15eb1c3836723b53e4abca8d9b879,login_api
2061185,2020-02-17 19:24:26.977000,e70611883d2760c8bbafb4acb29e3446,2falogin
2061194,2020-02-17 19:37:02.850000,5487315b1286f907165907aa8fc96619,2falogin
2061206,2020-02-17 20:33:33.603000,eb1e78328c46506b46a4ac4a1e378b91,login_api
2061214,2020-02-17 23:08:42.479000,66e8ba8216a1e152d72653d99a4f03ab,2falogin
2061331,2020-02-18 20:25:53.760000,66e8ba8216a1e152d72653d99a4f03ab,2falogin
2061346,2020-02-19 16:25:20.878000,26751be1181460baf78db8d5eb7aad39,login_api
2061348,2020-02-19 16:28:00.211000,020bf2c45e7bb322f89a226bd2c5d41b,login
2061351,2020-02-19 16:30:27.690000,020bf2c45e7bb322f89a226bd2c5d41b,cookies_accepted
2061352,2020-02-19 16:30:46.672000,020bf2c45e7bb322f89a226bd2c5d41b,login
2061361,2020-02-19 18:04:59.364000,26751be1181460baf78db8d5eb7aad39,login_api
2061376,2020-02-19 18:45:26.390000,020bf2c45e7bb322f89a226bd2c5d41b,login
2061392,2020-02-19 19:33:06.162000,7993e11204b215b27694b6f139e34ce8,login_api
2061393,2020-02-19 19:33:06.242000,7993e11204b215b27694b6f139e34ce8,email_verified
2061401,2020-02-19 19:50:04.033000,7993e11204b215b27694b6f139e34ce8,level_change_up
2061402,2020-02-19 19:55:26.489000,26751be1181460baf78db8d5eb7aad39,login_api
2061403,2020-02-19 20:10:43.118000,7993e11204b215b27694b6f139e34ce8,level_change_up
2061405,2020-02-19 20:53:38.313000,26751be1181460baf78db8d5eb7aad39,login_api
2061419,2020-02-20 00:15:55.670000,7993e11204b215b27694b6f139e34ce8,login_api
2061448,2020-02-20 18:52:32.364000,e70611883d2760c8bbafb4acb29e3446,2falogin
2061449,2020-02-20 18:53:18.518000,e70611883d2760c8bbafb4acb29e3446,level_change_down
2061460,2020-02-20 20:03:17.849000,f83630579d055dc5843ae693e7cdafe0,login
2061461,2020-02-20 20:03:18.008000,f83630579d055dc5843ae693e7cdafe0,email_verified
2061464,2020-02-20 20:03:43.868000,f83630579d055dc5843ae693e7cdafe0,cookies_accepted
2061468,2020-02-20 21:46:05.023000,f83630579d055dc5843ae693e7cdafe0,login
2061470,2020-02-20 21:50:10.958000,f83630579d055dc5843ae693e7cdafe0,login
2061547,2020-02-24 22:02:07.299000,1fb2a1c37b18aa4611c3949d6148d0f8,login_api
2061548,2020-02-24 22:02:07.366000,1fb2a1c37b18aa4611c3949d6148d0f8,email_verified
2061570,2020-02-24 22:54:14.154000,f708f064faaf32a43e4d3c784e6af9ea,login_api
2061571,2020-02-24 22:54:14.237000,f708f064faaf32a43e4d3c784e6af9ea,email_verified
2061579,2020-02-24 23:29:52.962000,b1301141feffabac455e1f90a7de2054,login_api
2061580,2020-02-24 23:29:53.034000,b1301141feffabac455e1f90a7de2054,email_verified
2061598,2020-02-25 00:26:29.698000,e70611883d2760c8bbafb4acb29e3446,2fa_wrong
2061599,2020-02-25 00:26:44.758000,e70611883d2760c8bbafb4acb29e3446,2falogin
2061618,2020-02-25 02:33:42.573000,ffedf5be3a86e2ee281d54cdc97bc1cf,login
2061622,2020-02-25 02:34:14.311000,ffedf5be3a86e2ee281d54cdc97bc1cf,login
2061624,2020-02-25 02:37:54.706000,ffedf5be3a86e2ee281d54cdc97bc1cf,login
2061626,2020-02-25 02:39:05.286000,ffedf5be3a86e2ee281d54cdc97bc1cf,login
2061628,2020-02-25 02:40:44.124000,ffedf5be3a86e2ee281d54cdc97bc1cf,login
2061630,2020-02-25 02:44:28.448000,ffedf5be3a86e2ee281d54cdc97bc1cf,login
2061632,2020-02-25 02:46:13.399000,ffedf5be3a86e2ee281d54cdc97bc1cf,login
2061634,2020-02-25 02:53:11.957000,ffedf5be3a86e2ee281d54cdc97bc1cf,login
2061636,2020-02-25 02:57:50.835000,ffedf5be3a86e2ee281d54cdc97bc1cf,login
2061638,2020-02-25 02:59:01.205000,ffedf5be3a86e2ee281d54cdc97bc1cf,login
2061640,2020-02-25 03:08:40.429000,ffedf5be3a86e2ee281d54cdc97bc1cf,login
2061642,2020-02-25 03:16:41.856000,ffedf5be3a86e2ee281d54cdc97bc1cf,login
2061646,2020-02-25 03:33:28.836000,ffedf5be3a86e2ee281d54cdc97bc1cf,login
2061648,2020-02-25 04:52:42.421000,ffedf5be3a86e2ee281d54cdc97bc1cf,login
2061650,2020-02-25 17:01:03.362000,26751be1181460baf78db8d5eb7aad39,login_api
2061655,2020-02-25 17:21:51.806000,26751be1181460baf78db8d5eb7aad39,login_api
2061657,2020-02-25 17:30:11.252000,ffedf5be3a86e2ee281d54cdc97bc1cf,login
2061658,2020-02-25 17:30:49.931000,5487315b1286f907165907aa8fc96619,2falogin
2061660,2020-02-25 18:10:10.773000,ffedf5be3a86e2ee281d54cdc97bc1cf,login
2061711,2020-02-25 21:14:44.058000,feecee9f1643651799ede2740927317a,login_api
2061712,2020-02-25 21:14:44.139000,feecee9f1643651799ede2740927317a,email_verified
2061741,2020-02-25 21:36:48.931000,ea159dc9788ffac311592613b7f71fbb,2falogin
2061765,2020-02-25 22:45:21.666000,ea159dc9788ffac311592613b7f71fbb,2falogin
2061767,2020-02-25 22:48:55.191000,2c3ddf4bf13852db711dd1901fb517fa,login
2061768,2020-02-25 22:48:55.361000,2c3ddf4bf13852db711dd1901fb517fa,email_verified
2061771,2020-02-25 22:48:59.017000,2c3ddf4bf13852db711dd1901fb517fa,cookies_accepted
2061774,2020-02-25 22:50:39.642000,2c3ddf4bf13852db711dd1901fb517fa,level_change_up
2061784,2020-02-25 23:21:54.560000,8edd72158ccd2a879f79cb2538568fdc,2fa_wrong
2061785,2020-02-25 23:21:59.964000,8edd72158ccd2a879f79cb2538568fdc,2falogin
2061796,2020-02-25 23:27:59.042000,49d4b2faeb4b7b9e745775793141e2b2,login_api
2061797,2020-02-25 23:27:59.117000,49d4b2faeb4b7b9e745775793141e2b2,email_verified
2061801,2020-02-25 23:36:50.371000,2dbf21633f03afcf882eaf10e4b5caca,login_api
2061802,2020-02-25 23:36:50.447000,2dbf21633f03afcf882eaf10e4b5caca,email_verified
2061806,2020-02-25 23:37:12.379000,28b60a16b55fd531047c0c958ce14b95,login_api
2061807,2020-02-25 23:37:12.453000,28b60a16b55fd531047c0c958ce14b95,email_verified
2061832,2020-02-25 23:52:53.184000,7e05d6f828574fbc975a896b25bb011e,login_api
2061833,2020-02-25 23:52:53.250000,7e05d6f828574fbc975a896b25bb011e,email_verified
2061852,2020-02-25 23:56:04.859000,cf05968255451bdefe3c5bc64d550517,login_api
2061853,2020-02-25 23:56:04.946000,cf05968255451bdefe3c5bc64d550517,email_verified
2061857,2020-02-25 23:56:49.503000,10c66082c124f8afe3df4886f5e516e0,login_api
2061858,2020-02-25 23:56:49.578000,10c66082c124f8afe3df4886f5e516e0,email_verified
2061870,2020-02-26 04:52:48.612000,ffedf5be3a86e2ee281d54cdc97bc1cf,login
2061871,2020-02-26 14:09:05.818000,26751be1181460baf78db8d5eb7aad39,login_api
2061872,2020-02-26 14:56:23.517000,26751be1181460baf78db8d5eb7aad39,login_api
2061879,2020-02-26 16:26:10.876000,26751be1181460baf78db8d5eb7aad39,login_api
2061900,2020-02-26 18:46:10.560000,5487315b1286f907165907aa8fc96619,2fa_wrong
2061901,2020-02-26 18:46:18.966000,5487315b1286f907165907aa8fc96619,2falogin
2061903,2020-02-26 19:02:15.176000,26751be1181460baf78db8d5eb7aad39,login_api
2061971,2020-02-27 01:59:54.200000,5487315b1286f907165907aa8fc96619,2falogin
2061973,2020-02-27 02:04:32.260000,5487315b1286f907165907aa8fc96619,login
2061976,2020-02-27 02:05:05.504000,5487315b1286f907165907aa8fc96619,2falogin
2061978,2020-02-27 02:10:44.462000,5487315b1286f907165907aa8fc96619,login
2061979,2020-02-27 02:12:05.979000,5487315b1286f907165907aa8fc96619,2faon
2061981,2020-02-27 02:12:25.721000,5487315b1286f907165907aa8fc96619,2fa_wrong
2061982,2020-02-27 02:12:36.073000,5487315b1286f907165907aa8fc96619,2falogin
2061985,2020-02-27 02:13:50.280000,5487315b1286f907165907aa8fc96619,2fa_wrong
2061986,2020-02-27 02:13:58.631000,5487315b1286f907165907aa8fc96619,2fa_wrong
2061987,2020-02-27 02:14:06.603000,5487315b1286f907165907aa8fc96619,2fa_wrong
2061988,2020-02-27 02:14:08.908000,5487315b1286f907165907aa8fc96619,2fa_wrong
2061989,2020-02-27 02:14:10.541000,5487315b1286f907165907aa8fc96619,2fa_wrong
2061990,2020-02-27 02:14:13.269000,5487315b1286f907165907aa8fc96619,2fa_wrong
2061991,2020-02-27 02:14:42.313000,5487315b1286f907165907aa8fc96619,2fa_wrong
2061992,2020-02-27 02:16:51.368000,5487315b1286f907165907aa8fc96619,2fa_wrong
2061993,2020-02-27 02:17:21.442000,5487315b1286f907165907aa8fc96619,2fa_wrong
2061994,2020-02-27 02:17:51.392000,5487315b1286f907165907aa8fc96619,2fa_wrong
2062010,2020-02-27 03:23:49.911000,5487315b1286f907165907aa8fc96619,login
2062011,2020-02-27 03:24:49.926000,5487315b1286f907165907aa8fc96619,2faon
2062013,2020-02-27 03:25:10.698000,5487315b1286f907165907aa8fc96619,2falogin
2062015,2020-02-27 03:25:37.849000,5487315b1286f907165907aa8fc96619,2faoff
2062017,2020-02-27 03:25:54.483000,5487315b1286f907165907aa8fc96619,2falogin
2062018,2020-02-27 03:26:47.400000,5487315b1286f907165907aa8fc96619,2falogin
2062020,2020-02-27 03:29:07.336000,5487315b1286f907165907aa8fc96619,2faon
2062022,2020-02-27 03:30:41.198000,5487315b1286f907165907aa8fc96619,2falogin
2062023,2020-02-27 03:31:14.120000,5487315b1286f907165907aa8fc96619,2faoff
2062024,2020-02-27 03:31:28.553000,5487315b1286f907165907aa8fc96619,login
2062027,2020-02-27 13:35:08.502000,26751be1181460baf78db8d5eb7aad39,login_api
2062028,2020-02-27 13:36:19.553000,26751be1181460baf78db8d5eb7aad39,login_api
2062029,2020-02-27 13:39:23.092000,5487315b1286f907165907aa8fc96619,login
2062184,2020-02-28 11:02:18.347000,26751be1181460baf78db8d5eb7aad39,login_api
2062186,2020-02-28 11:41:05.399000,26751be1181460baf78db8d5eb7aad39,login_api
2062194,2020-02-28 18:47:22.789000,e70611883d2760c8bbafb4acb29e3446,2falogin
2062215,2020-02-29 00:39:24.015000,0bf727e907c5fc9d5356f11e4c45d613,login
2062216,2020-02-29 00:39:24.317000,0bf727e907c5fc9d5356f11e4c45d613,email_verified
2062219,2020-02-29 00:39:34.313000,0bf727e907c5fc9d5356f11e4c45d613,cookies_accepted
2062220,2020-02-29 00:39:42.423000,0bf727e907c5fc9d5356f11e4c45d613,login
2058294,2020-01-02 18:05:02.008000,26505e0494662534f633586941b77d0c,login
2058300,2020-01-02 18:47:00.807000,f5c3dd7514bf620a1b85450d2ae374b1,login
2058301,2020-01-02 18:48:30.052000,f5c3dd7514bf620a1b85450d2ae374b1,login
2058302,2020-01-02 18:50:58.681000,f5c3dd7514bf620a1b85450d2ae374b1,login
2058304,2020-01-02 18:53:51.792000,f5c3dd7514bf620a1b85450d2ae374b1,login
2058306,2020-01-02 19:03:56.737000,f5c3dd7514bf620a1b85450d2ae374b1,login
2058309,2020-01-02 19:55:30.185000,f5c3dd7514bf620a1b85450d2ae374b1,login
2058370,2020-01-06 22:36:42.273000,dc58e3a306451c9d670adcd37004f48f,login
2058375,2020-01-06 23:46:12.386000,d757719ed7c2b66dd17dcee2a3cb29f4,login_api
2058385,2020-01-07 02:19:13.887000,dc58e3a306451c9d670adcd37004f48f,login
2058386,2020-01-07 02:20:56.100000,dc58e3a306451c9d670adcd37004f48f,login
2058391,2020-01-07 02:28:45.812000,dc58e3a306451c9d670adcd37004f48f,login
2058393,2020-01-07 02:34:49.363000,dc58e3a306451c9d670adcd37004f48f,login
2058410,2020-01-07 19:17:22.290000,84ddfb34126fc3a48ee38d7044e87276,2falogin
2058411,2020-01-07 19:22:48.798000,84ddfb34126fc3a48ee38d7044e87276,2falogin
2058475,2020-01-07 23:35:31.054000,fc4ddc15f9f4b4b06ef7844d6bb53abf,login_api
2058483,2020-01-08 01:05:40.075000,02b1be0d48924c327124732726097157,login_api
2058504,2020-01-08 16:58:59.448000,fe40fb944ee700392ed51bfe84dd4e3d,login
2058505,2020-01-08 16:58:59.618000,fe40fb944ee700392ed51bfe84dd4e3d,email_verified
2058508,2020-01-08 16:59:05.667000,fe40fb944ee700392ed51bfe84dd4e3d,cookies_accepted
2058514,2020-01-08 17:14:22.417000,8fecb20817b3847419bb3de39a609afe,2falogin
2058527,2020-01-08 19:04:04.977000,fc4ddc15f9f4b4b06ef7844d6bb53abf,login_api
2058547,2020-01-08 21:26:01.227000,02b1be0d48924c327124732726097157,login_api
2058552,2020-01-08 21:32:16.404000,dc16622ddc767e6bc1200fe5df2fbdfb,login_api
2058553,2020-01-08 21:32:16.514000,dc16622ddc767e6bc1200fe5df2fbdfb,email_verified
2058566,2020-01-08 21:36:46.813000,dc16622ddc767e6bc1200fe5df2fbdfb,level_change_up
2058612,2020-01-09 15:14:13.085000,47810f956e3d8fb8a32fb276448b464d,login
2058613,2020-01-09 15:14:13.298000,47810f956e3d8fb8a32fb276448b464d,email_verified
2058616,2020-01-09 15:25:22.979000,47810f956e3d8fb8a32fb276448b464d,cookies_accepted
2058641,2020-01-09 21:27:28.788000,d1e946f4e67db4b362ad23818a6fb78a,login_api
2058663,2020-01-09 22:47:41.387000,c5b2cebf15b205503560c4e8e6d1ea78,login
2058697,2020-01-10 18:32:05.959000,9c82c7143c102b71c593d98d96093fde,2falogin
2058704,2020-01-10 19:09:15.331000,d1e946f4e67db4b362ad23818a6fb78a,login
2058710,2020-01-10 19:22:05.232000,d46e1fcf4c07ce4a69ee07e4134bcef1,2falogin
2058736,2020-01-10 23:45:25.028000,84ddfb34126fc3a48ee38d7044e87276,2falogin
2058739,2020-01-10 23:50:11.381000,84ddfb34126fc3a48ee38d7044e87276,2falogin
2058759,2020-01-12 23:43:32.582000,9c82c7143c102b71c593d98d96093fde,login_api
2058766,2020-01-13 02:20:06.268000,9c82c7143c102b71c593d98d96093fde,2falogin
2058783,2020-01-13 18:11:47.118000,9c82c7143c102b71c593d98d96093fde,login_api
2058784,2020-01-13 19:45:32.780000,02b1be0d48924c327124732726097157,login_api
2058791,2020-01-13 21:19:45.931000,3de568f8597b94bda53149c7d7f5958c,login_api
2058792,2020-01-13 21:19:46.065000,3de568f8597b94bda53149c7d7f5958c,email_verified
2058801,2020-01-13 22:26:27.688000,8fecb20817b3847419bb3de39a609afe,2fa_wrong
2058802,2020-01-13 22:26:34.798000,8fecb20817b3847419bb3de39a609afe,2falogin
2058825,2020-01-14 17:55:14.866000,10a5ab2db37feedfdeaab192ead4ac0e,2falogin
2058826,2020-01-14 17:55:56.767000,10a5ab2db37feedfdeaab192ead4ac0e,2faoff
2058828,2020-01-14 18:00:30.352000,10a5ab2db37feedfdeaab192ead4ac0e,2faon
2058830,2020-01-14 18:01:21.076000,10a5ab2db37feedfdeaab192ead4ac0e,2falogin
2058877,2020-01-14 20:52:00.360000,f976b57bb9dd27aa2e7e7df2825893a6,login_api
2058878,2020-01-14 20:52:00.455000,f976b57bb9dd27aa2e7e7df2825893a6,email_verified
2058907,2020-01-15 03:12:48.907000,84ddfb34126fc3a48ee38d7044e87276,2falogin
2058979,2020-01-15 11:42:45.821000,6c97cd07663b099253bc569fe8d342bb,login
2058980,2020-01-15 11:42:46.024000,6c97cd07663b099253bc569fe8d342bb,email_verified
2058983,2020-01-15 11:42:55.232000,6c97cd07663b099253bc569fe8d342bb,cookies_accepted
2059001,2020-01-15 18:25:38.270000,8fecb20817b3847419bb3de39a609afe,2falogin
2059062,2020-01-16 01:56:51.847000,619205da514e83f869515c782a328d3c,login
2059063,2020-01-16 01:56:52.044000,619205da514e83f869515c782a328d3c,email_verified
2059066,2020-01-16 01:57:04.968000,619205da514e83f869515c782a328d3c,cookies_accepted
2059094,2020-01-16 19:00:12.918000,84ddfb34126fc3a48ee38d7044e87276,2falogin
2059106,2020-01-16 21:44:43.410000,1145a30ff80745b56fb0cecf65305017,2falogin
2059109,2020-01-16 21:46:59.202000,1145a30ff80745b56fb0cecf65305017,2falogin
2059112,2020-01-16 22:31:05.202000,9c82c7143c102b71c593d98d96093fde,login_api
2059115,2020-01-16 22:32:31.022000,9c82c7143c102b71c593d98d96093fde,2falogin
2059164,2020-01-16 23:25:00.443000,1145a30ff80745b56fb0cecf65305017,2falogin
2059165,2020-01-16 23:30:02.022000,1145a30ff80745b56fb0cecf65305017,2falogin
2059177,2020-01-16 23:44:32.186000,ef2a4be5473ab0b3cc286e67b1f59f44,login
2059179,2020-01-16 23:46:58.525000,f7e0b956540676a129760a3eae309294,login
2059180,2020-01-16 23:46:58.682000,f7e0b956540676a129760a3eae309294,email_verified
2059183,2020-01-16 23:47:02.298000,f7e0b956540676a129760a3eae309294,cookies_accepted
2059200,2020-01-17 00:00:49.148000,1145a30ff80745b56fb0cecf65305017,2falogin
2059204,2020-01-17 00:04:55.259000,84ddfb34126fc3a48ee38d7044e87276,2falogin
2059216,2020-01-17 00:09:34.970000,f7e0b956540676a129760a3eae309294,level_change_up
2059227,2020-01-17 01:12:42.671000,9c82c7143c102b71c593d98d96093fde,login_api
2059232,2020-01-17 14:04:15.431000,f7e0b956540676a129760a3eae309294,login
2059238,2020-01-17 17:28:29.258000,1145a30ff80745b56fb0cecf65305017,2falogin
2059256,2020-01-17 20:17:18.207000,9c82c7143c102b71c593d98d96093fde,login_api
2059270,2020-01-17 20:55:27.183000,7b4773c039d539af17c883eb9283dd14,login
2059271,2020-01-17 20:55:27.352000,7b4773c039d539af17c883eb9283dd14,email_verified
2059278,2020-01-17 20:57:16.305000,7b4773c039d539af17c883eb9283dd14,level_change_up
2059282,2020-01-17 20:58:05.459000,7b4773c039d539af17c883eb9283dd14,cookies_accepted
2059290,2020-01-17 21:34:02.056000,e4bb4c5173c2ce17fd8fcd40041c068f,login
2059291,2020-01-17 21:40:15.885000,e4bb4c5173c2ce17fd8fcd40041c068f,login_api
2059502,2020-01-18 21:37:53.233000,c8dfece5cc68249206e4690fc4737a8d,login_api
2059503,2020-01-18 21:37:53.317000,c8dfece5cc68249206e4690fc4737a8d,email_verified
2059508,2020-01-18 21:42:04.643000,c8dfece5cc68249206e4690fc4737a8d,level_change_up
2059520,2020-01-18 22:58:52.802000,9c82c7143c102b71c593d98d96093fde,2falogin
2059542,2020-01-19 06:00:41.920000,9c82c7143c102b71c593d98d96093fde,login_api
2059543,2020-01-19 06:35:33.004000,7b4773c039d539af17c883eb9283dd14,login
2059552,2020-01-20 18:25:36.334000,7b4773c039d539af17c883eb9283dd14,login
2059558,2020-01-20 20:53:50.358000,e4bb4c5173c2ce17fd8fcd40041c068f,login
2059559,2020-01-20 20:54:11.807000,e4bb4c5173c2ce17fd8fcd40041c068f,api_key_created
2059562,2020-01-20 21:29:35.614000,81b073de9370ea873f548e31b8adc081,login_api
2059563,2020-01-20 21:29:35.726000,81b073de9370ea873f548e31b8adc081,email_verified
2059569,2020-01-20 21:32:59.919000,81b073de9370ea873f548e31b8adc081,level_change_up
2059571,2020-01-20 22:19:49.600000,81b073de9370ea873f548e31b8adc081,login_api
2059590,2020-01-20 23:20:01.707000,9c82c7143c102b71c593d98d96093fde,login_api
2059672,2020-01-21 15:42:37.802000,02b1be0d48924c327124732726097157,login_api
2059675,2020-01-21 16:06:10.672000,dc58e3a306451c9d670adcd37004f48f,login
2059678,2020-01-21 16:09:48.449000,dc58e3a306451c9d670adcd37004f48f,login
2059693,2020-01-21 17:49:27.760000,02b1be0d48924c327124732726097157,login_api
2059699,2020-01-21 22:40:26.182000,84ddfb34126fc3a48ee38d7044e87276,2falogin
2059704,2020-01-21 23:08:13.449000,1145a30ff80745b56fb0cecf65305017,2falogin
2059804,2020-01-22 22:06:10.795000,10a5ab2db37feedfdeaab192ead4ac0e,2fa_wrong
2059805,2020-01-22 22:06:21.737000,10a5ab2db37feedfdeaab192ead4ac0e,2falogin
2059821,2020-01-22 23:31:41.141000,84ddfb34126fc3a48ee38d7044e87276,2falogin
2059832,2020-01-23 14:44:26.495000,8bb88f80d334b1869781beb89f7b73be,2falogin
2059835,2020-01-23 14:55:22.407000,8bb88f80d334b1869781beb89f7b73be,2falogin
2059837,2020-01-23 16:14:55.824000,8bb88f80d334b1869781beb89f7b73be,cookies_accepted
2059841,2020-01-23 18:17:56.402000,8bb88f80d334b1869781beb89f7b73be,2falogin
2059850,2020-01-23 22:35:26.786000,1145a30ff80745b56fb0cecf65305017,2falogin
2059877,2020-01-24 16:20:43.904000,8fecb20817b3847419bb3de39a609afe,login_api
2059905,2020-01-24 19:07:23.941000,84ddfb34126fc3a48ee38d7044e87276,level_change_down
2059907,2020-01-24 19:08:29.724000,84ddfb34126fc3a48ee38d7044e87276,2falogin
2059938,2020-01-24 19:54:02.423000,505259756244493872b7709a8a01b536,login_api
2059939,2020-01-24 19:54:02.501000,505259756244493872b7709a8a01b536,email_verified
2059944,2020-01-24 19:56:00.649000,505259756244493872b7709a8a01b536,level_change_down
2059946,2020-01-24 19:59:28.774000,505259756244493872b7709a8a01b536,level_change_down
2060009,2020-01-27 18:30:05.991000,d3b1fb02964aa64e257f9f26a31f72cf,login
2060010,2020-01-27 18:30:06.266000,d3b1fb02964aa64e257f9f26a31f72cf,email_verified
2060013,2020-01-27 18:30:10.349000,d3b1fb02964aa64e257f9f26a31f72cf,cookies_accepted
2060023,2020-01-27 20:17:47.610000,300891a62162b960cf02ce3827bb363c,login_api
2060024,2020-01-27 20:17:47.688000,300891a62162b960cf02ce3827bb363c,email_verified
2060061,2020-01-28 01:47:36.785000,e4bb4c5173c2ce17fd8fcd40041c068f,login_api
2060066,2020-01-28 15:17:55.494000,d3b1fb02964aa64e257f9f26a31f72cf,login_api
2060070,2020-01-28 15:48:44.742000,0a65e195cb51418279b6fa8d96847a60,login_api
2060071,2020-01-28 15:48:44.870000,0a65e195cb51418279b6fa8d96847a60,email_verified
2060087,2020-01-28 17:11:16.959000,1145a30ff80745b56fb0cecf65305017,2falogin
2060088,2020-01-28 17:11:57.754000,1145a30ff80745b56fb0cecf65305017,2falogin
2060091,2020-01-28 17:35:50.254000,84ddfb34126fc3a48ee38d7044e87276,2falogin
2060094,2020-01-28 18:07:24.564000,5f14615696649541a025d3d0f8e0447f,login_api
2060095,2020-01-28 18:07:24.692000,5f14615696649541a025d3d0f8e0447f,email_verified
2060098,2020-01-28 18:49:51.456000,84ddfb34126fc3a48ee38d7044e87276,level_change_down
2060099,2020-01-28 18:50:43.841000,84ddfb34126fc3a48ee38d7044e87276,2falogin
2060102,2020-01-28 20:43:30.407000,d46e1fcf4c07ce4a69ee07e4134bcef1,2falogin
2060104,2020-01-28 20:46:54.160000,d46e1fcf4c07ce4a69ee07e4134bcef1,level_change_down
2060105,2020-01-28 20:48:22.450000,d46e1fcf4c07ce4a69ee07e4134bcef1,level_change_up
2060107,2020-01-28 20:48:55.581000,d46e1fcf4c07ce4a69ee07e4134bcef1,level_change_up
2060137,2020-01-29 00:09:55.756000,6ee69d3769e832ec77c9584e0b7ba112,login
2060138,2020-01-29 00:09:55.921000,6ee69d3769e832ec77c9584e0b7ba112,email_verified
2060141,2020-01-29 00:10:13.767000,6ee69d3769e832ec77c9584e0b7ba112,cookies_accepted
2060151,2020-01-29 17:55:46.132000,02b1be0d48924c327124732726097157,login_api
2060154,2020-01-29 18:43:02.571000,9c82c7143c102b71c593d98d96093fde,login_api
2060159,2020-01-29 22:55:50.859000,3837a451cd0abc5ce4069304c5442c87,login_api
2060160,2020-01-29 22:55:51.002000,3837a451cd0abc5ce4069304c5442c87,email_verified
2060185,2020-01-30 01:09:47.440000,da4902cb0bc38210839714ebdcf0efc3,login_api
2060186,2020-01-30 01:09:47.564000,da4902cb0bc38210839714ebdcf0efc3,email_verified
2060190,2020-01-30 01:11:16.823000,7b66b4fd401a271a1c7224027ce111bc,login_api
2060191,2020-01-30 01:11:16.914000,7b66b4fd401a271a1c7224027ce111bc,email_verified
2060197,2020-01-30 01:27:04.557000,da4902cb0bc38210839714ebdcf0efc3,level_change_up
2060200,2020-01-30 01:46:26.993000,7b66b4fd401a271a1c7224027ce111bc,level_change_up
2060202,2020-01-30 01:53:25.744000,7b66b4fd401a271a1c7224027ce111bc,login_api
2060209,2020-01-30 01:56:35.944000,7b66b4fd401a271a1c7224027ce111bc,login_api
2060251,2020-01-30 20:02:20.430000,1145a30ff80745b56fb0cecf65305017,2falogin
2060271,2020-01-31 19:17:04.026000,9c82c7143c102b71c593d98d96093fde,2falogin
2060306,2020-02-05 00:46:38.697000,c8dfece5cc68249206e4690fc4737a8d,login_api
2060328,2020-02-05 18:19:09.273000,9c82c7143c102b71c593d98d96093fde,login_api
2060350,2020-02-05 21:40:40.153000,e4bb4c5173c2ce17fd8fcd40041c068f,login_api
2060379,2020-02-06 19:08:27.683000,5f14615696649541a025d3d0f8e0447f,login_api
2060380,2020-02-06 19:12:35.738000,5f14615696649541a025d3d0f8e0447f,level_change_up
2060386,2020-02-06 21:51:37.313000,063e26c670d07bb7c4d30e6fc69fe056,login
2060387,2020-02-06 21:51:37.741000,063e26c670d07bb7c4d30e6fc69fe056,email_verified
2060390,2020-02-06 21:51:53.379000,063e26c670d07bb7c4d30e6fc69fe056,cookies_accepted
2060414,2020-02-06 22:25:40.901000,84ddfb34126fc3a48ee38d7044e87276,2falogin
2060423,2020-02-06 23:38:50.570000,84ddfb34126fc3a48ee38d7044e87276,2falogin
2060428,2020-02-06 23:50:53.580000,84ddfb34126fc3a48ee38d7044e87276,2falogin
2060440,2020-02-06 23:58:22.035000,84ddfb34126fc3a48ee38d7044e87276,2falogin
2060451,2020-02-07 02:26:08.103000,9c82c7143c102b71c593d98d96093fde,2falogin
2060518,2020-02-07 16:47:50.776000,8fecb20817b3847419bb3de39a609afe,2falogin
2060541,2020-02-07 17:17:14.512000,565030e1fce4e481f9823a7de3b8a047,login
2060542,2020-02-07 17:17:14.669000,565030e1fce4e481f9823a7de3b8a047,email_verified
2060545,2020-02-07 17:17:19.041000,565030e1fce4e481f9823a7de3b8a047,cookies_accepted
2060548,2020-02-07 17:18:37.957000,565030e1fce4e481f9823a7de3b8a047,level_change_up
2060549,2020-02-07 17:20:00.954000,565030e1fce4e481f9823a7de3b8a047,login
2060557,2020-02-07 19:32:45.818000,9c82c7143c102b71c593d98d96093fde,2falogin
2060570,2020-02-07 19:41:46.710000,063e26c670d07bb7c4d30e6fc69fe056,2faon
2060624,2020-02-07 21:31:30.911000,03cf87174debaccd689c90c34577b82f,login
2060625,2020-02-07 21:31:31.045000,03cf87174debaccd689c90c34577b82f,email_verified
2060628,2020-02-07 21:34:31.492000,03cf87174debaccd689c90c34577b82f,cookies_accepted
2060639,2020-02-07 22:15:13.967000,9c82c7143c102b71c593d98d96093fde,2falogin
2060655,2020-02-08 15:30:55.231000,d757719ed7c2b66dd17dcee2a3cb29f4,login_api
2060658,2020-02-08 16:35:46.868000,1145a30ff80745b56fb0cecf65305017,2fa_wrong
2060659,2020-02-08 16:35:50.844000,1145a30ff80745b56fb0cecf65305017,2falogin
2060660,2020-02-08 16:36:14.511000,1145a30ff80745b56fb0cecf65305017,2faoff
2060661,2020-02-08 16:36:31.140000,1145a30ff80745b56fb0cecf65305017,2faon
2060663,2020-02-08 16:36:40.281000,1145a30ff80745b56fb0cecf65305017,2falogin
2060665,2020-02-09 15:54:19.082000,959ef477884b6ac2241b19ee4fb776ae,login
2060666,2020-02-09 15:54:19.271000,959ef477884b6ac2241b19ee4fb776ae,email_verified
2060671,2020-02-09 15:55:55.697000,959ef477884b6ac2241b19ee4fb776ae,level_change_up
2060672,2020-02-09 15:56:46.767000,959ef477884b6ac2241b19ee4fb776ae,cookies_accepted
2060689,2020-02-10 15:26:11.075000,8fecb20817b3847419bb3de39a609afe,2fa_wrong
2060690,2020-02-10 15:26:18.723000,8fecb20817b3847419bb3de39a609afe,2fa_wrong
2060691,2020-02-10 15:26:26.199000,8fecb20817b3847419bb3de39a609afe,2falogin
2060723,2020-02-10 17:32:15.541000,bd7db7397f7d83052f829816ecc7f004,login
2060724,2020-02-10 17:32:15.800000,bd7db7397f7d83052f829816ecc7f004,email_verified
2060781,2020-02-10 23:26:35.829000,bd7db7397f7d83052f829816ecc7f004,cookies_accepted
2060784,2020-02-10 23:29:58.964000,bd7db7397f7d83052f829816ecc7f004,login
2060858,2020-02-11 22:26:36.688000,b53477c2821c1bf0da5d40e57b870d35,login
2060859,2020-02-11 22:26:36.837000,b53477c2821c1bf0da5d40e57b870d35,email_verified
2060862,2020-02-11 22:26:44.974000,b53477c2821c1bf0da5d40e57b870d35,cookies_accepted
2060915,2020-02-12 00:21:30.044000,7b4773c039d539af17c883eb9283dd14,login
2060923,2020-02-12 00:39:04.432000,7b66b4fd401a271a1c7224027ce111bc,login_api
2060924,2020-02-12 00:46:17.972000,7b66b4fd401a271a1c7224027ce111bc,account_suspended
2060933,2020-02-12 00:56:22.718000,7b66b4fd401a271a1c7224027ce111bc,level_change_up
2061010,2020-02-12 15:47:34.847000,7b66b4fd401a271a1c7224027ce111bc,level_change_up
2061064,2020-02-13 22:03:44.261000,7b4773c039d539af17c883eb9283dd14,login
2061077,2020-02-14 18:44:00.885000,a6ea8471c120fe8cc35a2954c9b9c595,login
2061078,2020-02-14 18:44:01.044000,a6ea8471c120fe8cc35a2954c9b9c595,email_verified
2061081,2020-02-14 18:44:08.258000,a6ea8471c120fe8cc35a2954c9b9c595,cookies_accepted
2061095,2020-02-14 19:02:26.354000,186fb23a33995d91ce3c2212189178c8,login
2061096,2020-02-14 19:02:26.494000,186fb23a33995d91ce3c2212189178c8,email_verified
2061099,2020-02-14 19:02:31.182000,186fb23a33995d91ce3c2212189178c8,cookies_accepted
2061100,2020-02-14 19:04:14.666000,186fb23a33995d91ce3c2212189178c8,level_change_up
2061114,2020-02-14 19:41:51.956000,9c82c7143c102b71c593d98d96093fde,2falogin
2061121,2020-02-14 23:18:38.201000,84ddfb34126fc3a48ee38d7044e87276,2falogin
2061135,2020-02-15 00:00:23.369000,84ddfb34126fc3a48ee38d7044e87276,2falogin
2061142,2020-02-15 00:10:04.996000,e4bb4c5173c2ce17fd8fcd40041c068f,login
2061153,2020-02-17 16:38:46.709000,8fecb20817b3847419bb3de39a609afe,2falogin
2061155,2020-02-17 16:42:42.885000,8fecb20817b3847419bb3de39a609afe,login_api
2061156,2020-02-17 16:45:25.589000,8fecb20817b3847419bb3de39a609afe,2falogin
2058293,2020-01-02 07:59:29.070000,0d7de1aca9299fe63f3e0041f02638a3,2falogin
2058297,2020-01-02 18:23:26.291000,0d7de1aca9299fe63f3e0041f02638a3,2falogin
2058303,2020-01-02 18:51:52.615000,0d7de1aca9299fe63f3e0041f02638a3,2falogin
2058308,2020-01-02 19:36:08.691000,ca9c267dad0305d1a6308d2a0cf1c39c,2falogin
2058310,2020-01-02 19:57:07.073000,ca9c267dad0305d1a6308d2a0cf1c39c,2falogin
2058311,2020-01-02 21:06:12.298000,ca9c267dad0305d1a6308d2a0cf1c39c,2falogin
2058313,2020-01-02 23:20:07.445000,0d7de1aca9299fe63f3e0041f02638a3,2falogin
2058315,2020-01-03 00:58:22.385000,ca9c267dad0305d1a6308d2a0cf1c39c,2falogin
2058316,2020-01-03 12:31:45.144000,0d7de1aca9299fe63f3e0041f02638a3,2falogin
2058317,2020-01-03 17:59:35.666000,ca9c267dad0305d1a6308d2a0cf1c39c,2falogin
2058318,2020-01-03 18:06:54.308000,ca9c267dad0305d1a6308d2a0cf1c39c,2falogin
2058319,2020-01-03 18:12:20.253000,ca9c267dad0305d1a6308d2a0cf1c39c,2falogin
2058320,2020-01-03 18:17:39.547000,ca9c267dad0305d1a6308d2a0cf1c39c,2falogin
2058321,2020-01-03 21:17:52.215000,ca9c267dad0305d1a6308d2a0cf1c39c,2falogin
2058322,2020-01-04 03:03:55.847000,ca9c267dad0305d1a6308d2a0cf1c39c,2falogin
2058323,2020-01-04 03:59:46.223000,c8fbbc86abe8bd6a5eb6a3b4d0411301,login_api
2058328,2020-01-06 08:43:08.036000,0d7de1aca9299fe63f3e0041f02638a3,2falogin
2058329,2020-01-06 11:54:17.033000,0d7de1aca9299fe63f3e0041f02638a3,2falogin
2058330,2020-01-06 12:16:25.079000,0d7de1aca9299fe63f3e0041f02638a3,2falogin
2058335,2020-01-06 18:48:28.550000,ca9c267dad0305d1a6308d2a0cf1c39c,2falogin
2058337,2020-01-06 19:12:21.873000,074177d3eb6371e32c16c55a3b8f706b,login_api
2058338,2020-01-06 19:12:21.984000,074177d3eb6371e32c16c55a3b8f706b,email_verified
2058347,2020-01-06 19:14:03.157000,074177d3eb6371e32c16c55a3b8f706b,level_change_up
2058362,2020-01-06 19:32:51.343000,074177d3eb6371e32c16c55a3b8f706b,level_change_up
2058363,2020-01-06 19:35:50.130000,ca9c267dad0305d1a6308d2a0cf1c39c,2falogin
2058415,2020-01-07 21:31:53.973000,0d7de1aca9299fe63f3e0041f02638a3,2falogin
2058548,2020-01-08 21:30:13.725000,01894d6f048493d2cacde3c579c315a3,login
2058567,2020-01-08 22:03:04.690000,ca9c267dad0305d1a6308d2a0cf1c39c,2falogin
2058617,2020-01-09 18:40:26.082000,0d7de1aca9299fe63f3e0041f02638a3,2falogin
2058618,2020-01-09 18:40:41.518000,01894d6f048493d2cacde3c579c315a3,login
2058623,2020-01-09 21:10:23.803000,0d7de1aca9299fe63f3e0041f02638a3,2falogin
2058624,2020-01-09 21:11:17.603000,8a0e1141fd37fa5b98d5bb769ba1a7cc,2falogin
2058626,2020-01-09 21:13:00.417000,5f6371c9126149517d9ba475def53139,login_api
2058627,2020-01-09 21:13:00.520000,5f6371c9126149517d9ba475def53139,email_verified
2058633,2020-01-09 21:17:17.541000,17c3433fecc21b57000debdf7ad5c930,level_change_down
2058635,2020-01-09 21:17:46.646000,17c3433fecc21b57000debdf7ad5c930,login_api
2058636,2020-01-09 21:19:09.601000,0d7de1aca9299fe63f3e0041f02638a3,2falogin
2058660,2020-01-09 22:07:56.169000,c8fbbc86abe8bd6a5eb6a3b4d0411301,login_api
2058668,2020-01-10 01:35:51.858000,0d7de1aca9299fe63f3e0041f02638a3,2falogin
2058673,2020-01-10 14:04:02.762000,c8fbbc86abe8bd6a5eb6a3b4d0411301,login_api
2058675,2020-01-10 14:07:48.515000,c8fbbc86abe8bd6a5eb6a3b4d0411301,login_api
2058676,2020-01-10 14:08:52.297000,c8fbbc86abe8bd6a5eb6a3b4d0411301,login
2058678,2020-01-10 14:18:07.138000,c8fbbc86abe8bd6a5eb6a3b4d0411301,login_api
2058687,2020-01-10 18:24:40.710000,c8fbbc86abe8bd6a5eb6a3b4d0411301,login_api
2058688,2020-01-10 18:25:05.179000,c8fbbc86abe8bd6a5eb6a3b4d0411301,login_api
2058689,2020-01-10 18:25:23.293000,c8fbbc86abe8bd6a5eb6a3b4d0411301,login
2058699,2020-01-10 18:47:28.015000,8a0e1141fd37fa5b98d5bb769ba1a7cc,login_api
2058701,2020-01-10 19:05:44.366000,8a0e1141fd37fa5b98d5bb769ba1a7cc,2falogin
2058714,2020-01-10 21:03:26.890000,95e6834d0a3d99e9ea8811855ae9229d,login
2058718,2020-01-10 21:07:02.318000,16026d60ff9b54410b3435b403afd226,login_api
2058719,2020-01-10 21:07:02.398000,16026d60ff9b54410b3435b403afd226,email_verified
2058722,2020-01-10 21:37:27.984000,0d7de1aca9299fe63f3e0041f02638a3,2falogin
2058723,2020-01-10 21:56:06.723000,8a0e1141fd37fa5b98d5bb769ba1a7cc,2falogin
2058725,2020-01-10 22:58:40.775000,130f1a8e9e102707f3f91b010f151b0b,login
2058726,2020-01-10 22:58:40.974000,130f1a8e9e102707f3f91b010f151b0b,email_verified
2058729,2020-01-10 22:58:47.597000,130f1a8e9e102707f3f91b010f151b0b,cookies_accepted
2058743,2020-01-11 01:21:45.454000,e069ea4c9c233d36ff9c7f329bc08ff1,login_api
2058744,2020-01-11 01:21:45.527000,e069ea4c9c233d36ff9c7f329bc08ff1,email_verified
2058750,2020-01-11 03:54:38.819000,0d7de1aca9299fe63f3e0041f02638a3,2falogin
2058756,2020-01-11 18:52:02.463000,0d7de1aca9299fe63f3e0041f02638a3,2falogin
2058773,2020-01-13 07:11:18.034000,0d7de1aca9299fe63f3e0041f02638a3,2fa_wrong
2058774,2020-01-13 07:11:24.048000,0d7de1aca9299fe63f3e0041f02638a3,2falogin
2058775,2020-01-13 08:37:17.757000,0d7de1aca9299fe63f3e0041f02638a3,2falogin
2058776,2020-01-13 17:52:45.713000,130f1a8e9e102707f3f91b010f151b0b,login
2058780,2020-01-13 17:54:56.883000,0d7de1aca9299fe63f3e0041f02638a3,2falogin
2058811,2020-01-13 22:45:35.022000,0d7de1aca9299fe63f3e0041f02638a3,2falogin
2058812,2020-01-14 00:27:43.677000,130f1a8e9e102707f3f91b010f151b0b,login
2058813,2020-01-14 00:31:55.130000,130f1a8e9e102707f3f91b010f151b0b,login
2058814,2020-01-14 00:35:02.009000,130f1a8e9e102707f3f91b010f151b0b,login
2058815,2020-01-14 02:35:34.074000,0d7de1aca9299fe63f3e0041f02638a3,2falogin
2058816,2020-01-14 16:33:53.964000,8a0e1141fd37fa5b98d5bb769ba1a7cc,2falogin
2058835,2020-01-14 18:06:08.657000,2b45c629e577731c4df84fc34f936a89,login
2058836,2020-01-14 18:06:08.813000,2b45c629e577731c4df84fc34f936a89,email_verified
2058839,2020-01-14 18:07:32.562000,2b45c629e577731c4df84fc34f936a89,cookies_accepted
2058842,2020-01-14 18:15:13.808000,2b45c629e577731c4df84fc34f936a89,level_change_up
2058848,2020-01-14 18:21:15.849000,2b45c629e577731c4df84fc34f936a89,level_change_up
2058849,2020-01-14 18:28:48.986000,2b45c629e577731c4df84fc34f936a89,login
2058884,2020-01-14 21:51:38.306000,2b45c629e577731c4df84fc34f936a89,login
2058887,2020-01-14 22:44:00.640000,ca9c267dad0305d1a6308d2a0cf1c39c,2falogin
2058889,2020-01-14 22:46:45.112000,0d7de1aca9299fe63f3e0041f02638a3,2falogin
2058891,2020-01-14 22:57:05.216000,ca9c267dad0305d1a6308d2a0cf1c39c,2falogin
2058893,2020-01-14 23:06:33.903000,728f206c2a01bf572b5940d7d9a8fa4c,2falogin
2058895,2020-01-14 23:15:01.089000,54ff9e9e3a2ec0300d4ce11261f5169f,login
2058902,2020-01-14 23:20:10.823000,728f206c2a01bf572b5940d7d9a8fa4c,2falogin
2058906,2020-01-15 00:51:38.948000,54ff9e9e3a2ec0300d4ce11261f5169f,login
2058916,2020-01-15 03:18:56.665000,0d7de1aca9299fe63f3e0041f02638a3,2falogin
2058962,2020-01-15 10:26:36.541000,8a0e1141fd37fa5b98d5bb769ba1a7cc,2fa_wrong
2058963,2020-01-15 10:26:47.107000,8a0e1141fd37fa5b98d5bb769ba1a7cc,2falogin
2058969,2020-01-15 10:44:00.494000,8a0e1141fd37fa5b98d5bb769ba1a7cc,2falogin
2058985,2020-01-15 12:03:56.256000,f1e2b2c9255d552500a833ac828cd635,login
2058986,2020-01-15 12:03:56.464000,f1e2b2c9255d552500a833ac828cd635,email_verified
2058990,2020-01-15 16:33:17.827000,f1e2b2c9255d552500a833ac828cd635,login
2058992,2020-01-15 16:33:18.524000,f1e2b2c9255d552500a833ac828cd635,cookies_accepted
2058994,2020-01-15 16:34:50.377000,f1e2b2c9255d552500a833ac828cd635,login
2058997,2020-01-15 16:45:00.399000,e069ea4c9c233d36ff9c7f329bc08ff1,level_change_up
2059008,2020-01-15 19:44:24.079000,f1e2b2c9255d552500a833ac828cd635,login_api
2059010,2020-01-15 19:45:42.653000,8a0e1141fd37fa5b98d5bb769ba1a7cc,2falogin
2059012,2020-01-15 20:56:03.594000,4abe17a1c80cbdd2aa241b70840879de,login_api
2059015,2020-01-15 21:37:00.665000,03255088ed63354a54e0e5ed957e9008,login
2059016,2020-01-15 21:37:00.842000,03255088ed63354a54e0e5ed957e9008,email_verified
2059019,2020-01-15 21:37:17.473000,03255088ed63354a54e0e5ed957e9008,login_api
2059021,2020-01-15 21:45:13.445000,03255088ed63354a54e0e5ed957e9008,cookies_accepted
2059031,2020-01-15 21:55:11.258000,0d7de1aca9299fe63f3e0041f02638a3,2falogin
2059044,2020-01-15 23:35:20.467000,0d7de1aca9299fe63f3e0041f02638a3,2falogin
2059050,2020-01-15 23:49:19.995000,d072677d210ac4c03ba046120f0802ec,login
2059054,2020-01-16 00:17:01.384000,d072677d210ac4c03ba046120f0802ec,login_api
2059073,2020-01-16 03:01:09.157000,8a0e1141fd37fa5b98d5bb769ba1a7cc,2falogin
2059075,2020-01-16 03:01:28.724000,d072677d210ac4c03ba046120f0802ec,login
2059077,2020-01-16 03:01:34.424000,d072677d210ac4c03ba046120f0802ec,login
2059079,2020-01-16 03:01:39.245000,d072677d210ac4c03ba046120f0802ec,login
2059084,2020-01-16 17:52:37.587000,9fe8593a8a330607d76796b35c64c600,2falogin
2062228,2020-02-29 01:18:52.408000,fec87a37cdeec1c6ecf8181c0aa2d3bf,login_api
2062229,2020-02-29 01:18:52.520000,fec87a37cdeec1c6ecf8181c0aa2d3bf,email_verified
2062239,2020-02-29 02:50:09.092000,e70611883d2760c8bbafb4acb29e3446,2falogin
2062269,2020-03-02 11:03:03.234000,26751be1181460baf78db8d5eb7aad39,login_api
2062270,2020-03-02 16:05:50.949000,e70611883d2760c8bbafb4acb29e3446,2falogin
2062274,2020-03-02 16:07:08.615000,e70611883d2760c8bbafb4acb29e3446,level_change_up
2062276,2020-03-02 16:07:26.921000,e70611883d2760c8bbafb4acb29e3446,level_change_up
2062277,2020-03-02 16:21:14.128000,26751be1181460baf78db8d5eb7aad39,login_api
2062278,2020-03-02 16:24:23.969000,e70611883d2760c8bbafb4acb29e3446,level_change_down
2062279,2020-03-02 16:31:37.375000,e70611883d2760c8bbafb4acb29e3446,2falogin
2062321,2020-03-03 01:52:39.212000,e70611883d2760c8bbafb4acb29e3446,2falogin
2062323,2020-03-03 06:14:52.365000,e70611883d2760c8bbafb4acb29e3446,2falogin
2062330,2020-03-03 06:29:58.491000,e70611883d2760c8bbafb4acb29e3446,2falogin
2062335,2020-03-03 11:28:56.270000,26751be1181460baf78db8d5eb7aad39,login_api
2062338,2020-03-03 14:41:09.206000,e70611883d2760c8bbafb4acb29e3446,2falogin
2062370,2020-03-03 19:18:39.465000,2c6ae45a3e88aee548c0714fad7f8269,login_api
2062371,2020-03-03 19:18:39.569000,2c6ae45a3e88aee548c0714fad7f8269,email_verified
2062375,2020-03-03 19:25:16.220000,e70611883d2760c8bbafb4acb29e3446,2falogin
2062381,2020-03-03 19:35:57.301000,26751be1181460baf78db8d5eb7aad39,login_api
2062394,2020-03-03 21:45:24.393000,7993e11204b215b27694b6f139e34ce8,login_api
2062412,2020-03-03 21:58:00.729000,7989edad14ebcd3adfacc7344dc6b739,login_api
2062413,2020-03-03 21:58:00.799000,7989edad14ebcd3adfacc7344dc6b739,email_verified
2062460,2020-03-03 22:56:50.298000,d9fc0cdb67638d50f411432d0d41d0ba,login_api
2062461,2020-03-03 22:56:50.363000,d9fc0cdb67638d50f411432d0d41d0ba,email_verified
2062485,2020-03-03 23:31:55.330000,66e8ba8216a1e152d72653d99a4f03ab,2falogin
2062486,2020-03-04 00:04:42.239000,66e8ba8216a1e152d72653d99a4f03ab,2falogin
2062487,2020-03-04 00:20:33.096000,66e8ba8216a1e152d72653d99a4f03ab,2falogin
2062489,2020-03-04 00:31:52.745000,66e8ba8216a1e152d72653d99a4f03ab,2falogin
2062495,2020-03-04 14:25:07.139000,26751be1181460baf78db8d5eb7aad39,login_api
2062496,2020-03-04 15:13:26.735000,26751be1181460baf78db8d5eb7aad39,login_api
2062514,2020-03-04 17:50:44.914000,2b3bf3eee2475e03885a110e9acaab61,2falogin
2062519,2020-03-04 18:00:13.655000,26751be1181460baf78db8d5eb7aad39,login_api
2062525,2020-03-04 18:27:52.973000,26751be1181460baf78db8d5eb7aad39,login_api
2062526,2020-03-04 18:45:22.329000,2b3bf3eee2475e03885a110e9acaab61,2fa_wrong
2062527,2020-03-04 18:45:29.616000,2b3bf3eee2475e03885a110e9acaab61,2fa_wrong
2062528,2020-03-04 18:45:36.283000,2b3bf3eee2475e03885a110e9acaab61,2falogin
2062530,2020-03-04 18:47:05.243000,2b3bf3eee2475e03885a110e9acaab61,api_key_created
2062532,2020-03-04 19:31:54.507000,5487315b1286f907165907aa8fc96619,login
2062533,2020-03-04 19:32:44.244000,5487315b1286f907165907aa8fc96619,2faon
2062535,2020-03-04 19:35:06.621000,2b3bf3eee2475e03885a110e9acaab61,2falogin
2062545,2020-03-04 21:24:30.348000,8edd72158ccd2a879f79cb2538568fdc,2falogin
2062546,2020-03-04 21:28:17.515000,ea159dc9788ffac311592613b7f71fbb,login_api
2062562,2020-03-04 23:18:40.987000,2b3bf3eee2475e03885a110e9acaab61,2falogin
2062597,2020-03-05 00:51:07.305000,5487315b1286f907165907aa8fc96619,2falogin
2062615,2020-03-05 06:14:01.115000,e70611883d2760c8bbafb4acb29e3446,2falogin
2062636,2020-03-05 16:58:16.815000,26751be1181460baf78db8d5eb7aad39,login_api
2062637,2020-03-05 17:06:04.757000,26751be1181460baf78db8d5eb7aad39,login_api
2062638,2020-03-05 18:09:19.101000,e70611883d2760c8bbafb4acb29e3446,2falogin
2062644,2020-03-05 18:22:15.928000,26751be1181460baf78db8d5eb7aad39,login_api
2062649,2020-03-05 19:15:35.292000,26751be1181460baf78db8d5eb7aad39,login_api
2062661,2020-03-05 19:37:28.327000,ffedf5be3a86e2ee281d54cdc97bc1cf,login
2062666,2020-03-05 19:38:21.745000,ffedf5be3a86e2ee281d54cdc97bc1cf,login
2062683,2020-03-05 20:02:31.120000,ffedf5be3a86e2ee281d54cdc97bc1cf,login
2062686,2020-03-05 20:03:30.124000,ffedf5be3a86e2ee281d54cdc97bc1cf,login
2062690,2020-03-05 21:03:59.543000,ffedf5be3a86e2ee281d54cdc97bc1cf,login
2062695,2020-03-05 21:57:02.707000,ffedf5be3a86e2ee281d54cdc97bc1cf,login
2062712,2020-03-05 22:16:56.068000,ffedf5be3a86e2ee281d54cdc97bc1cf,login
2062722,2020-03-05 22:17:59.373000,ffedf5be3a86e2ee281d54cdc97bc1cf,login
2062727,2020-03-05 22:23:41.267000,ea159dc9788ffac311592613b7f71fbb,login_api
2062732,2020-03-05 22:55:27.253000,ea159dc9788ffac311592613b7f71fbb,login_api
2062753,2020-03-06 00:26:32.818000,66e8ba8216a1e152d72653d99a4f03ab,2falogin
2062767,2020-03-06 01:38:00.440000,66e8ba8216a1e152d72653d99a4f03ab,2falogin
2062769,2020-03-06 02:19:06.053000,ea159dc9788ffac311592613b7f71fbb,login_api
2062780,2020-03-06 06:08:15.491000,ea159dc9788ffac311592613b7f71fbb,login_api
2062782,2020-03-06 13:45:01.624000,26751be1181460baf78db8d5eb7aad39,login_api
2062784,2020-03-06 13:57:10.126000,26751be1181460baf78db8d5eb7aad39,login_api
2062787,2020-03-06 15:40:44.295000,26751be1181460baf78db8d5eb7aad39,login_api
2062789,2020-03-06 15:42:32.444000,26751be1181460baf78db8d5eb7aad39,login_api
2062790,2020-03-06 15:44:30.181000,26751be1181460baf78db8d5eb7aad39,login_api
2062792,2020-03-06 15:49:35.659000,ea159dc9788ffac311592613b7f71fbb,login_api
2062793,2020-03-06 16:05:52.559000,26751be1181460baf78db8d5eb7aad39,login_api
2062794,2020-03-06 16:18:53.651000,26751be1181460baf78db8d5eb7aad39,login_api
2062795,2020-03-06 16:21:12.502000,e70611883d2760c8bbafb4acb29e3446,2falogin
2062796,2020-03-06 16:27:26.222000,2b3bf3eee2475e03885a110e9acaab61,2falogin
2062797,2020-03-06 16:28:53.731000,2b3bf3eee2475e03885a110e9acaab61,2falogin
2062803,2020-03-06 18:27:39.533000,66e8ba8216a1e152d72653d99a4f03ab,2falogin
2062811,2020-03-06 19:19:14.454000,26751be1181460baf78db8d5eb7aad39,login_api
2062836,2020-03-06 20:58:35.724000,2b3bf3eee2475e03885a110e9acaab61,2falogin
2062837,2020-03-06 21:08:01.901000,e70611883d2760c8bbafb4acb29e3446,level_change_down
2062838,2020-03-06 21:09:07.373000,e70611883d2760c8bbafb4acb29e3446,level_change_up
2062839,2020-03-06 21:09:47.524000,e70611883d2760c8bbafb4acb29e3446,level_change_down
2062843,2020-03-06 21:11:24.744000,e70611883d2760c8bbafb4acb29e3446,level_change_up
2062851,2020-03-06 22:30:31.584000,f7ac67a9aa8d255282de7d11391e1b69,login
2062852,2020-03-06 22:30:31.723000,f7ac67a9aa8d255282de7d11391e1b69,email_verified
2062869,2020-03-07 00:47:52.802000,2aedcba61ca55ceb62d785c6b7f10a83,login
2062870,2020-03-07 00:47:52.957000,2aedcba61ca55ceb62d785c6b7f10a83,email_verified
2062873,2020-03-07 00:47:57.129000,2aedcba61ca55ceb62d785c6b7f10a83,cookies_accepted
2062876,2020-03-07 00:50:15.326000,2aedcba61ca55ceb62d785c6b7f10a83,level_change_up
2062892,2020-03-09 12:51:24.878000,9657c1fffd38824e5ab0472e022e577e,login_api
2062893,2020-03-09 12:51:25.000000,9657c1fffd38824e5ab0472e022e577e,email_verified
2062898,2020-03-09 15:15:03.114000,e70611883d2760c8bbafb4acb29e3446,2falogin
2062899,2020-03-09 16:09:09.944000,26751be1181460baf78db8d5eb7aad39,login_api
2062906,2020-03-09 17:31:22.083000,2b3bf3eee2475e03885a110e9acaab61,2falogin
2062938,2020-03-09 18:55:51.850000,2c6ae45a3e88aee548c0714fad7f8269,login_api
2062945,2020-03-09 18:57:23.525000,2c6ae45a3e88aee548c0714fad7f8269,level_change_up
2062952,2020-03-09 19:04:08.080000,66e8ba8216a1e152d72653d99a4f03ab,2falogin
2062959,2020-03-09 19:12:43.904000,2c6ae45a3e88aee548c0714fad7f8269,login_api
2062966,2020-03-09 19:27:43.582000,e70611883d2760c8bbafb4acb29e3446,2falogin
2062986,2020-03-09 20:49:08.556000,66e8ba8216a1e152d72653d99a4f03ab,2falogin
2062997,2020-03-09 22:31:12.997000,66e8ba8216a1e152d72653d99a4f03ab,2falogin
2062999,2020-03-09 22:43:12.654000,66e8ba8216a1e152d72653d99a4f03ab,2falogin
2063013,2020-03-09 23:06:10.707000,66e8ba8216a1e152d72653d99a4f03ab,2falogin
2063051,2020-03-10 12:27:20.174000,26751be1181460baf78db8d5eb7aad39,login_api
2063054,2020-03-10 17:13:46.061000,e70611883d2760c8bbafb4acb29e3446,2falogin
2063060,2020-03-10 17:42:16.899000,ea159dc9788ffac311592613b7f71fbb,login_api
2063098,2020-03-10 18:52:33.725000,26751be1181460baf78db8d5eb7aad39,login_api
2063163,2020-03-11 15:36:57.238000,26751be1181460baf78db8d5eb7aad39,login_api
2063187,2020-03-11 18:46:43.218000,85353d3b2f39b9c9b5ee3576578c04b7,login
2063188,2020-03-11 18:46:43.443000,85353d3b2f39b9c9b5ee3576578c04b7,email_verified
2063191,2020-03-11 18:49:40.495000,85353d3b2f39b9c9b5ee3576578c04b7,cookies_accepted
2059090,2020-01-16 18:32:11.989000,0d7de1aca9299fe63f3e0041f02638a3,2falogin
2059091,2020-01-16 18:50:33.023000,c8fbbc86abe8bd6a5eb6a3b4d0411301,login
2059102,2020-01-16 21:27:07.189000,c8fbbc86abe8bd6a5eb6a3b4d0411301,login_api
2059135,2020-01-16 22:52:00.688000,8a0e1141fd37fa5b98d5bb769ba1a7cc,2falogin
2059138,2020-01-16 22:57:51.618000,e77dbaf6759253c7c6d0efc5690369c7,login_api
2059139,2020-01-16 22:57:51.705000,e77dbaf6759253c7c6d0efc5690369c7,email_verified
2059145,2020-01-16 23:00:31.942000,e77dbaf6759253c7c6d0efc5690369c7,level_change_up
2059148,2020-01-16 23:07:37.371000,e77dbaf6759253c7c6d0efc5690369c7,level_change_up
2059150,2020-01-16 23:08:55.618000,e77dbaf6759253c7c6d0efc5690369c7,level_change_up
2059194,2020-01-16 23:59:20.369000,2b45c629e577731c4df84fc34f936a89,login
2059198,2020-01-17 00:00:32.744000,2b45c629e577731c4df84fc34f936a89,login
2059224,2020-01-17 00:27:06.313000,2b45c629e577731c4df84fc34f936a89,login
2059229,2020-01-17 01:49:55.465000,728f206c2a01bf572b5940d7d9a8fa4c,2falogin
2059230,2020-01-17 02:02:48.356000,728f206c2a01bf572b5940d7d9a8fa4c,2falogin
2059239,2020-01-17 17:32:27.852000,8a0e1141fd37fa5b98d5bb769ba1a7cc,2falogin
2059253,2020-01-17 19:05:34.726000,2b45c629e577731c4df84fc34f936a89,login
2059257,2020-01-17 20:26:53.489000,2b45c629e577731c4df84fc34f936a89,login
2059260,2020-01-17 20:33:05.803000,2b45c629e577731c4df84fc34f936a89,login
2059263,2020-01-17 20:34:24.307000,2b45c629e577731c4df84fc34f936a89,login
2059265,2020-01-17 20:52:39.229000,2b45c629e577731c4df84fc34f936a89,login
2059266,2020-01-17 20:54:14.649000,53ed35c74a2ec275b837374f04396c03,login
2059268,2020-01-17 20:55:19.179000,2b45c629e577731c4df84fc34f936a89,login
2059274,2020-01-17 20:55:29.624000,2b45c629e577731c4df84fc34f936a89,login
2059279,2020-01-17 20:57:31.374000,ce6c92303f38d297e263c7180f03d402,login
2059283,2020-01-17 21:00:09.006000,ca9c267dad0305d1a6308d2a0cf1c39c,2falogin
2059286,2020-01-17 21:17:42.897000,a3eb043e7bf775de87763e9f8121c953,login
2059287,2020-01-17 21:17:43.082000,a3eb043e7bf775de87763e9f8121c953,email_verified
2059296,2020-01-17 21:53:50.208000,806fec5af7f5b48b8a31a003e171f3fb,login
2059297,2020-01-17 21:53:50.423000,806fec5af7f5b48b8a31a003e171f3fb,email_verified
2059300,2020-01-17 21:54:03.131000,806fec5af7f5b48b8a31a003e171f3fb,cookies_accepted
2059320,2020-01-17 23:13:18.010000,2b45c629e577731c4df84fc34f936a89,login
2059321,2020-01-17 23:18:18.391000,2b45c629e577731c4df84fc34f936a89,login
2059322,2020-01-17 23:21:11.801000,2b45c629e577731c4df84fc34f936a89,login
2059324,2020-01-17 23:28:47.462000,2b45c629e577731c4df84fc34f936a89,login
2059325,2020-01-17 23:30:59.110000,2b45c629e577731c4df84fc34f936a89,login
2059326,2020-01-17 23:36:05.759000,2b45c629e577731c4df84fc34f936a89,login
2059331,2020-01-18 00:04:09.836000,2b45c629e577731c4df84fc34f936a89,login
2059332,2020-01-18 00:07:07.401000,2b45c629e577731c4df84fc34f936a89,login
2059333,2020-01-18 00:18:02.537000,2b45c629e577731c4df84fc34f936a89,login
2059334,2020-01-18 00:26:52.081000,2b45c629e577731c4df84fc34f936a89,login
2059335,2020-01-18 00:29:37.730000,2b45c629e577731c4df84fc34f936a89,login
2059336,2020-01-18 00:31:52.655000,2b45c629e577731c4df84fc34f936a89,login
2059337,2020-01-18 00:36:03.516000,806fec5af7f5b48b8a31a003e171f3fb,login
2059340,2020-01-18 00:36:49.569000,2b45c629e577731c4df84fc34f936a89,login
2059342,2020-01-18 00:40:16.368000,2b45c629e577731c4df84fc34f936a89,login
2059345,2020-01-18 00:47:28.876000,806fec5af7f5b48b8a31a003e171f3fb,login
2059357,2020-01-18 00:49:15.351000,806fec5af7f5b48b8a31a003e171f3fb,login
2059364,2020-01-18 01:36:35.026000,2b45c629e577731c4df84fc34f936a89,login
2059366,2020-01-18 01:40:12.595000,2b45c629e577731c4df84fc34f936a89,login
2059369,2020-01-18 01:43:56.489000,2b45c629e577731c4df84fc34f936a89,login
2059373,2020-01-18 01:46:50.437000,2b45c629e577731c4df84fc34f936a89,login
2059375,2020-01-18 01:51:07.593000,2b45c629e577731c4df84fc34f936a89,login
2059377,2020-01-18 02:06:40.816000,2b45c629e577731c4df84fc34f936a89,login
2059378,2020-01-18 02:09:10.092000,2b45c629e577731c4df84fc34f936a89,login
2059381,2020-01-18 02:12:46.680000,2b45c629e577731c4df84fc34f936a89,login
2059383,2020-01-18 02:14:30.488000,806fec5af7f5b48b8a31a003e171f3fb,level_change_up
2059384,2020-01-18 02:15:53.286000,806fec5af7f5b48b8a31a003e171f3fb,login
2059396,2020-01-18 05:34:32.648000,2b45c629e577731c4df84fc34f936a89,login
2059398,2020-01-18 05:41:27.961000,2b45c629e577731c4df84fc34f936a89,login
2059401,2020-01-18 05:54:09.429000,2b45c629e577731c4df84fc34f936a89,login
2059403,2020-01-18 06:01:27.738000,2b45c629e577731c4df84fc34f936a89,login
2059405,2020-01-18 06:15:59.288000,2b45c629e577731c4df84fc34f936a89,login
2059407,2020-01-18 06:18:55.903000,2b45c629e577731c4df84fc34f936a89,login
2059409,2020-01-18 06:21:52.116000,2b45c629e577731c4df84fc34f936a89,login
2059410,2020-01-18 06:22:22.354000,2b45c629e577731c4df84fc34f936a89,login
2059412,2020-01-18 06:22:52.055000,2b45c629e577731c4df84fc34f936a89,login
2059413,2020-01-18 06:27:44.290000,2b45c629e577731c4df84fc34f936a89,login
2059414,2020-01-18 06:28:09.729000,2b45c629e577731c4df84fc34f936a89,login
2059416,2020-01-18 06:28:55.545000,2b45c629e577731c4df84fc34f936a89,login
2059417,2020-01-18 06:33:49.174000,2b45c629e577731c4df84fc34f936a89,login
2059419,2020-01-18 06:49:01.480000,2b45c629e577731c4df84fc34f936a89,login
2059421,2020-01-18 07:11:15.938000,2b45c629e577731c4df84fc34f936a89,login
2059426,2020-01-18 15:43:09.567000,2b45c629e577731c4df84fc34f936a89,login
2059427,2020-01-18 15:43:33.131000,2b45c629e577731c4df84fc34f936a89,login
2059429,2020-01-18 15:44:08.947000,2b45c629e577731c4df84fc34f936a89,login
2059430,2020-01-18 15:56:05.293000,2b45c629e577731c4df84fc34f936a89,login
2059433,2020-01-18 16:01:09.170000,2b45c629e577731c4df84fc34f936a89,login
2059447,2020-01-18 19:26:08.221000,2b45c629e577731c4df84fc34f936a89,login
2059449,2020-01-18 19:33:05.558000,2b45c629e577731c4df84fc34f936a89,login
2059450,2020-01-18 19:33:29.827000,2b45c629e577731c4df84fc34f936a89,login
2059452,2020-01-18 19:33:52.162000,2b45c629e577731c4df84fc34f936a89,login
2059453,2020-01-18 19:34:56.845000,2b45c629e577731c4df84fc34f936a89,login
2059468,2020-01-18 20:38:33.373000,2b45c629e577731c4df84fc34f936a89,login
2059494,2020-01-18 21:29:26.395000,2b45c629e577731c4df84fc34f936a89,login
2059495,2020-01-18 21:29:49.857000,2b45c629e577731c4df84fc34f936a89,login
2059497,2020-01-18 21:30:11.689000,2b45c629e577731c4df84fc34f936a89,login
2059548,2020-01-20 01:37:00.224000,0d7de1aca9299fe63f3e0041f02638a3,2falogin
2059555,2020-01-20 18:47:42.847000,0d7de1aca9299fe63f3e0041f02638a3,2falogin
2059591,2020-01-20 23:21:10.961000,c8fbbc86abe8bd6a5eb6a3b4d0411301,login_api
2059592,2020-01-20 23:21:42.266000,c8fbbc86abe8bd6a5eb6a3b4d0411301,login
2059593,2020-01-20 23:23:41.815000,8a0e1141fd37fa5b98d5bb769ba1a7cc,2falogin
2059595,2020-01-20 23:37:58.411000,0d7de1aca9299fe63f3e0041f02638a3,2falogin
2059622,2020-01-20 23:48:54.569000,8a0e1141fd37fa5b98d5bb769ba1a7cc,2falogin
2059668,2020-01-21 15:16:19.487000,ca9c267dad0305d1a6308d2a0cf1c39c,2fa_wrong
2059669,2020-01-21 15:16:28.156000,ca9c267dad0305d1a6308d2a0cf1c39c,2falogin
2059680,2020-01-21 17:04:07.669000,ca9c267dad0305d1a6308d2a0cf1c39c,2falogin
2059722,2020-01-21 23:44:48.629000,2b45c629e577731c4df84fc34f936a89,login
2059725,2020-01-21 23:54:55.207000,2b45c629e577731c4df84fc34f936a89,login
2059727,2020-01-22 00:02:36.276000,2b45c629e577731c4df84fc34f936a89,login
2059732,2020-01-22 00:15:10.332000,0d7de1aca9299fe63f3e0041f02638a3,2falogin
2059747,2020-01-22 16:33:43.098000,8a0e1141fd37fa5b98d5bb769ba1a7cc,2falogin
2059748,2020-01-22 16:48:59.592000,ca9c267dad0305d1a6308d2a0cf1c39c,2falogin
2059755,2020-01-22 17:44:29.925000,ca9c267dad0305d1a6308d2a0cf1c39c,2falogin
2059757,2020-01-22 17:58:16.452000,ca9c267dad0305d1a6308d2a0cf1c39c,2falogin
2059780,2020-01-22 19:36:46.627000,4ebd440d99504722d80de606ea8507da,login
2059781,2020-01-22 19:36:46.795000,4ebd440d99504722d80de606ea8507da,email_verified
2059784,2020-01-22 19:36:51.187000,4ebd440d99504722d80de606ea8507da,cookies_accepted
2059816,2020-01-22 22:55:27.043000,ca9c267dad0305d1a6308d2a0cf1c39c,2fa_wrong
2059817,2020-01-22 22:55:42.613000,ca9c267dad0305d1a6308d2a0cf1c39c,2falogin
2059839,2020-01-23 16:22:16.753000,ca9c267dad0305d1a6308d2a0cf1c39c,2falogin
2059842,2020-01-23 19:01:53.412000,ca9c267dad0305d1a6308d2a0cf1c39c,2falogin
2059843,2020-01-23 20:38:46.661000,728f206c2a01bf572b5940d7d9a8fa4c,2falogin
2059844,2020-01-23 21:12:16.493000,53ed35c74a2ec275b837374f04396c03,login
2059847,2020-01-23 21:21:09.494000,53ed35c74a2ec275b837374f04396c03,2faon
2061178,2020-02-17 17:46:42.640000,d757719ed7c2b66dd17dcee2a3cb29f4,login_api
2061180,2020-02-17 17:58:05.595000,d757719ed7c2b66dd17dcee2a3cb29f4,login_api
2061184,2020-02-17 18:54:35.531000,8fecb20817b3847419bb3de39a609afe,2falogin
2061191,2020-02-17 19:35:31.147000,e4bb4c5173c2ce17fd8fcd40041c068f,login
2061198,2020-02-17 19:41:23.371000,e4bb4c5173c2ce17fd8fcd40041c068f,api_key_created
